word,sentence,PMID,year,Journal title,organization,Citation
inhibit,"SSRIs are less cardiotoxic than many first-generation antidepressants, but there is still evidence that they inhibit sodium, calcium, and potassium ion channels at concentrations near therapeutic levels.",,,,,"Bruggeman C, O'Day CS. Selective Serotonin Reuptake Inhibitor (SSRI) Toxicity. 2019 Dec 3. In: StatPearls [Internet]. Treasure Island (FL): StatPearls Publishing; 2020 Jan–. PMID: 30521236."
inhibit,"Dietary supplements that promote mitochondrial biogenesis and inhibit the production of oxidative stress have been used to treat autism patients.,32006374,2020,Adv Neurobiol.,,"Chidambaram SB, Bhat A, Mahalakshmi AM, Ray B, Tuladhar S, Sushmitha BS, Saravanan B, Thamilarasan M, Thenmozhi AJ, Essa MM, Guillemin GJ, Qoronfleh MW. Protein Nutrition in Autism. Adv Neurobiol. 2020;24:573-586. doi: 10.1007/978-3-030-30402-7_20. PMID: 32006374."
inhibit,"The PROTACs potently inhibit PRC2 enzyme activity (pIC50 ∼ 8.1) and induce rapid degradation of not only EED but also EZH2 and SUZ12 within the PRC2 complex.,31786184,2020,Cell Chem Biol.,,"Hsu JH, Rasmusson T, Robinson J, Pachl F, Read J, Kawatkar S, O' Donovan DH, Bagal S, Code E, Rawlins P, Argyrou A, Tomlinson R, Gao N, Zhu X, Chiarparin E, Jacques K, Shen M, Woods H, Bednarski E, Wilson DM, Drew L, Castaldi MP, Fawell S, Bloecher A. EED-Targeted PROTACs Degrade EED, EZH2, and SUZ12 in the PRC2 Complex. Cell Chem Biol. 2020 Jan 16;27(1):41-46.e17. doi: 10.1016/j.chembiol.2019.11.004. Epub 2019 Nov 27. PMID: 31786184."
inhibit,"Pre-incubation of AGAL with ADAs significantly inhibited intracellular enzyme activity, which was rescued by immune adsorption (both P < .01).",31587315,2020,J Interit Metab Dis.,,"Stappers F, Scharnetzki D, Schmitz B, Manikowski D, Brand SM, Grobe K, Lenders M, Brand E. Neutralising anti-drug antibodies in Fabry disease can inhibit endothelial enzyme uptake and activity. J Inherit Metab Dis. 2020 Mar;43(2):334-347. doi: 10.1002/jimd.12176. Epub 2019 Nov 14. PMID: 31587315."
inhibit,"Mesenchymal stromal cell (MSC)-based therapy has gradually become a hot topic for promoting liver regeneration and repairing liver injury in various liver diseases, since MSCs are reported to migrate toward injured tissues, undergo hepatogenic differentiation, inhibit inflammatory factor release and enhance the proliferation of liver cells in vivo.",32071558,2020,Int J Biol Sci.,,"Hu C, Wu Z, Li L. Mesenchymal stromal cells promote liver regeneration through regulation of immune cells. Int J Biol Sci. 2020 Jan 22;16(5):893-903. doi: 10.7150/ijbs.39725. PMID: 32071558; PMCID: PMC7019139."
inhibit,"The four identified genes, found in Listeria, Enterococcus, Streptococcus and Staphylococcus genomes, can inhibit type II-A SpyCas9 or SauCas9, and are thus named acrIIA16-19. ",32327734,2020,Nat Microbiol.,,"Mahendra C, Christie KA, Osuna BA, Pinilla-Redondo R, Kleinstiver BP, Bondy-Denomy J. Broad-spectrum anti-CRISPR proteins facilitate horizontal gene transfer. Nat Microbiol. 2020 Apr;5(4):620-629. doi: 10.1038/s41564-020-0692-2. Epub 2020 Mar 26. Erratum in: Nat Microbiol. 2020 Jun;5(6):872. PMID: 32218510; PMCID: PMC7194981."
inhibit,MicroRNAs (miRNAs) are short non-coding RNAs that inhibit the expression of target genes by directly binding to their mRNAs.,30228348,2019,Nat Rev Mol Cell Biol.,,"Treiber T, Treiber N, Meister G. Regulation of microRNA biogenesis and its crosstalk with other cellular pathways. Nat Rev Mol Cell Biol. 2019 Jan;20(1):5-20. doi: 10.1038/s41580-018-0059-1. Erratum in: Nat Rev Mol Cell Biol. 2018 Dec;19(12):808. Erratum in: Nat Rev Mol Cell Biol. 2019 May;20(5):321. PMID: 30228348."
inhibit,"Sulforaphane, luteolin, celastrol, curcumin, arctigenin inhibit β-catenin signaling pathways.",31417401,2019,Front Pharmacol.,,"Avila-Carrasco L, Majano P, Sánchez-Toméro JA, Selgas R, López-Cabrera M, Aguilera A, González Mateo G. Natural Plants Compounds as Modulators of Epithelial-to-Mesenchymal Transition. Front Pharmacol. 2019 Jul 30;10:715. doi: 10.3389/fphar.2019.00715. PMID: 31417401; PMCID: PMC6682706."
inhibit,Recent studies have demonstrated that flavonoids can inhibit regulatory enzymes or transcription factors important for controlling mediators involved in inflammation. ,31288163,2019,Food Chem.,,"Maleki SJ, Crespo JF, Cabanillas B. Anti-inflammatory effects of flavonoids. Food Chem. 2019 Nov 30;299:125124. doi: 10.1016/j.foodchem.2019.125124. Epub 2019 Jul 3. PMID: 31288163."
inhibit,"Using cultures of human trophoblasts or mouse cells, we show that IFN-induced transmembrane proteins (IFITMs), a family of restriction factors blocking the entry step of many viruses, impair ST formation and inhibit syncytin-mediated fusion.",31296770,2019,Science,,"Buchrieser J, Degrelle SA, Couderc T, Nevers Q, Disson O, Manet C, Donahue DA, Porrot F, Hillion KH, Perthame E, Arroyo MV, Souquere S, Ruigrok K, Dupressoir A, Heidmann T, Montagutelli X, Fournier T, Lecuit M, Schwartz O. IFITM proteins inhibit placental syncytiotrophoblast formation and promote fetal demise. Science. 2019 Jul 12;365(6449):176-180. doi: 10.1126/science.aaw7733. PMID: 31296770."
inhibit,"Here, we found that γ-aminobutyric acid (GABA)-releasing neurons of the mouse nucleus incertus (NI) selectively inhibit somatostatin-positive interneurons in the hippocampus, both monosynaptically and indirectly through the inhibition of their subcortical excitatory inputs.",31123108,2019,Science,,"Szőnyi A, Sos KE, Nyilas R, Schlingloff D, Domonkos A, Takács VT, Pósfai B, Hegedüs P, Priestley JB, Gundlach AL, Gulyás AI, Varga V, Losonczy A, Freund TF, Nyiri G. Brainstem nucleus incertus controls contextual memory formation. Science. 2019 May 24;364(6442):eaaw0445. doi: 10.1126/science.aaw0445. PMID: 31123108; PMCID: PMC7210779."
inhibit,"Here we show that decoy oligonucleotides targeting splicing factors RBFOX1/2, SRSF1 and PTBP1, can specifically bind to their respective SFs and inhibit their splicing and biological activities both in vitro and in vivo. ",30962446,2019,Nature Commun,,"Denichenko P, Mogilevsky M, Cléry A, Welte T, Biran J, Shimshon O, Barnabas GD, Danan-Gotthold M, Kumar S, Yavin E, Levanon EY, Allain FH, Geiger T, Levkowitz G, Karni R. Specific inhibition of splicing factor activity by decoy RNA oligonucleotides. Nat Commun. 2019 Apr 8;10(1):1590. doi: 10.1038/s41467-019-09523-0. PMID: 30962446; PMCID: PMC6453957."
inhibit,"Many in vitro and in vivo experiments have shown that cannabinoids inhibit proliferation of cancer cells, stimulate autophagy and apoptosis, and have also a potential to inhibit angiogenesis and metastasis.",30460793,2018,Cancer Med.,,"Śledziński P, Zeyland J, Słomski R, Nowak A. The current state and future perspectives of cannabinoids in cancer biology. Cancer Med. 2018 Mar;7(3):765-775. doi: 10.1002/cam4.1312. Epub 2018 Feb 23. Erratum in: Cancer Med. 2018 Nov;7(11):5859. PMID: 29473338; PMCID: PMC5852356."
inhibit,Macrolide antibiotics inhibit protein synthesis by targeting the bacterial ribosome.,30054232,2018,Trends Biochem Sci.,,"Vázquez-Laslop N, Mankin AS. How Macrolide Antibiotics Work. Trends Biochem Sci. 2018 Sep;43(9):668-684. doi: 10.1016/j.tibs.2018.06.011. Epub 2018 Jul 24. PMID: 30054232; PMCID: PMC6108949."
inhibit,"MTTs selectively and potently inhibit proliferation of cancer cells and, in some cases, induce cytotoxicity.",29548725,,Redox Biol.,,"Kalyanaraman B, Cheng G, Hardy M, Ouari O, Lopez M, Joseph J, Zielonka J, Dwinell MB. A review of the basics of mitochondrial bioenergetics, metabolism, and related signaling pathways in cancer cells: Therapeutic targeting of tumor mitochondria with lipophilic cationic compounds. Redox Biol. 2018 Apr;14:316-327. doi: 10.1016/j.redox.2017.09.020. Epub 2017 Sep 29. Erratum in: Redox Biol. 2018 Mar 13;: PMID: 29017115; PMCID: PMC5633086."
inhibit,"Some of these compounds inhibit ClpP activity, while others activate the protease and lead to its dysregulation.",29775273,2018,ACS Chem BIol.,,"Bhandari V, Wong KS, Zhou JL, Mabanglo MF, Batey RA, Houry WA. The Role of ClpP Protease in Bacterial Pathogenesis and Human Diseases. ACS Chem Biol. 2018 Jun 15;13(6):1413-1425. doi: 10.1021/acschembio.8b00124. Epub 2018 Jun 1. PMID: 29775273."
inhibit,"SOCS proteins can act as ubiquitin ligases by recruiting Cullin5 to ubiquitinate signalling components; however, SOCS1, the most potent member of the family, can also inhibit JAK directly.",29674694,2018,Nat Commun.,,"Liau NPD, Laktyushin A, Lucet IS, Murphy JM, Yao S, Whitlock E, Callaghan K, Nicola NA, Kershaw NJ, Babon JJ. The molecular basis of JAK/STAT inhibition by SOCS1. Nat Commun. 2018 Apr 19;9(1):1558. doi: 10.1038/s41467-018-04013-1. PMID: 29674694; PMCID: PMC5908791."
inhibit,"The NLRP3 inflammasome has been shown to sense metabolites such as palmitate, uric acid, and cholesterol crystals and is inhibited by ketone bodies produced during metabolic flux. ",29247992,2018,Immunol Rev.,,"Hughes MM, O'Neill LAJ. Metabolic regulation of NLRP3. Immunol Rev. 2018 Jan;281(1):88-98. doi: 10.1111/imr.12608. PMID: 29247992."
inhibit,"In this study, we report that different strains of HIV and SIV are inhibited by human IFITM proteins to various degrees, with SIV of African green monkeys (SIV(AGM)) being mostly restricted by human IFITM2.",25463599,2015,Virology,,"Qian J, Le Duff Y, Wang Y, Pan Q, Ding S, Zheng YM, Liu SL, Liang C. Primate lentiviruses are differentially inhibited by interferon-induced transmembrane proteins. Version 2. Virology. 2015 Jan 1;474:10-8. doi: 10.1016/j.virol.2014.10.015. Epub 2014 Nov 7. PMID: 25463599; PMCID: PMC4581848."
inhibit,"SrcFK auto-phosphorylation, MYPT-1 and MLC20 phosphorylation and contraction in IPA, and all these responses were inhibited by antioxidants (ebselen, Tempol).",28673614,2017,Free Radic Biol Med.,,"MacKay CE, Shaifta Y, Snetkov VV, Francois AA, Ward JPT, Knock GA. ROS-dependent activation of RhoA/Rho-kinase in pulmonary artery: Role of Src-family kinases and ARHGEF1. Free Radic Biol Med. 2017 Sep;110:316-331. doi: 10.1016/j.freeradbiomed.2017.06.022. Epub 2017 Jul 1. PMID: 28673614; PMCID: PMC5542024."
Activate,"Many strategies have been developed to target DCs in cancer, such as the administration of antigens with immunomodulators that mobilize and activate endogenous DCs, as well as the generation of DC-based vaccines.",31467405,2020,Nat Rev Immunol.,,"Wculek SK, Cueto FJ, Mujal AM, Melero I, Krummel MF, Sancho D. Dendritic cells in cancer immunology and immunotherapy. Nat Rev Immunol. 2020 Jan;20(1):7-24. doi: 10.1038/s41577-019-0210-z. Epub 2019 Aug 29. PMID: 31467405."
,"Assembled inflammasomes activate a cascade of inflammatory caspases, which process procytokines and gasdermin D (GSDMD).",31451512,2020,Cold Spring Harb Perspect Biol.,,"Xia S, Hollingsworth LR 4th, Wu H. Mechanism and Regulation of Gasdermin-Mediated Cell Death. Cold Spring Harb Perspect Biol. 2020 Mar 2;12(3):a036400. doi: 10.1101/cshperspect.a036400. PMID: 31451512; PMCID: PMC7050592."
,"These conditions activate the coagulation cascade, which ultimately leads to the development of a fibrin clot.",31985996,2020,StarPearls,,"Edwards Z, Nagalli S. Streptokinase. 2020 Jan 19. In: StatPearls [Internet]. Treasure Island (FL): StatPearls Publishing; 2020 Jan–. PMID: 31985996."
,GPCRs are activated by a very broad range of endogenous signalling molecules and are involved in a plethora of physiological functions.,31132229,2020,Basic Clin Pharmacol Toxicol.,,"Vedel L, Nøhr AC, Gloriam DE, Bräuner-Osborne H. Pharmacology and function of the orphan GPR139 G protein-coupled receptor. Basic Clin Pharmacol Toxicol. 2020 Jun;126 Suppl 6:35-46. doi: 10.1111/bcpt.13263. Epub 2019 Jun 27. PMID: 31132229."
,Studies conducted over recent years have revealed that nucleic acid sensors also activate programmed cell death pathways as an innate immune response to infection.,31786265,2020,J Mol Biol.,,"Maelfait J, Liverpool L, Rehwinkel J. Nucleic Acid Sensors and Programmed Cell Death. J Mol Biol. 2020 Jan 17;432(2):552-568. doi: 10.1016/j.jmb.2019.11.016. Epub 2019 Nov 29. PMID: 31786265."
,"When lipids are scarce, skeletal progenitors activate forkhead box O (FOXO) transcription factors, which bind to the Sox9 promoter and increase its expression. ",32103177,2020,Nature,,"van Gastel N, Stegen S, Eelen G, Schoors S, Carlier A, Daniëls VW, Baryawno N, Przybylski D, Depypere M, Stiers PJ, Lambrechts D, Van Looveren R, Torrekens S, Sharda A, Agostinis P, Lambrechts D, Maes F, Swinnen JV, Geris L, Van Oosterwyck H, Thienpont B, Carmeliet P, Scadden DT, Carmeliet G. Lipid availability determines fate of skeletal progenitor cells via SOX9. Nature. 2020 Mar;579(7797):111-117. doi: 10.1038/s41586-020-2050-1. Epub 2020 Feb 26. PMID: 32103177; PMCID: PMC7060079."
,Current belief is that noxious stimuli directly activate nociceptive sensory nerve endings in the skin.,31416963,2019,Science,,"Abdo H, Calvo-Enrique L, Lopez JM, Song J, Zhang MD, Usoskin D, El Manira A, Adameyko I, Hjerling-Leffler J, Ernfors P. Specialized cutaneous Schwann cells initiate pain sensation. Science. 2019 Aug 16;365(6454):695-699. doi: 10.1126/science.aax6452. PMID: 31416963."
,"However, additional CNS-resident cell types including astrocytes and neurons, as well as infiltrating myeloid cells from the periphery, express and activate inflammasomes.",31015277,2019,EMBO Mol Med.,,"Voet S, Srinivasan S, Lamkanfi M, van Loo G. Inflammasomes in neuroinflammatory and neurodegenerative diseases. EMBO Mol Med. 2019 Jun;11(6):e10248. doi: 10.15252/emmm.201810248. PMID: 31015277; PMCID: PMC6554670."
,"Fatty acids can directly activate STAT3 by enhancing its palmitoylation, in synergy with cytokine stimulation.",31462771,2019,Nature,,"Niu J, Sun Y, Chen B, Zheng B, Jarugumilli GK, Walker SR, Hata AN, Mino-Kenudson M, Frank DA, Wu X. Fatty acids and cancer-amplified ZDHHC19 promote STAT3 activation through S-palmitoylation. Nature. 2019 Sep;573(7772):139-143. doi: 10.1038/s41586-019-1511-x. Epub 2019 Aug 28. PMID: 31462771; PMCID: PMC6728214."
,"Our finding that anagen can be pharmacologically activated in telogen skin when natural anagen-inducing signal(s) are absent has implications for the treatment of hair loss patients.,31216464,2019,Cell Rep.,,"Chai M, Jiang M, Vergnes L, Fu X, de Barros SC, Doan NB, Huang W, Chu J, Jiao J, Herschman H, Crooks GM, Reue K, Huang J. Stimulation of Hair Growth by Small Molecules that Activate Autophagy. Cell Rep. 2019 Jun 18;27(12):3413-3421.e3. doi: 10.1016/j.celrep.2019.05.070. PMID: 31216464."
,Fluorogenic RNA aptamers bind and activate the fluorescence of otherwise nonfluorescent dyes.,31471614,2019,Nat Methods,,"Wu J, Zaccara S, Khuperkar D, Kim H, Tanenbaum ME, Jaffrey SR. Live imaging of mRNA using RNA-stabilized fluorogenic proteins. Nat Methods. 2019 Sep;16(9):862-865. doi: 10.1038/s41592-019-0531-7. Epub 2019 Aug 30. PMID: 31471614; PMCID: PMC6719798."
,"IL-1 family cytokines (IL-1β, IL-18, IL-33), IL-25, and TNF superfamilies (TNF, TL1A, GITR-L, RANK-L) activate the NF-κB and AP-1 pathways that initiate production of IL-5 and IL-13.",31082387,2019,Chest,,Kato A. Group 2 Innate Lymphoid Cells in Airway Diseases. Chest. 2019 Jul;156(1):141-149. doi: 10.1016/j.chest.2019.04.101. Epub 2019 May 10. PMID: 31082387; PMCID: PMC7118243.
,"Conversely, metabolic inputs, such as amino acids, activate mTOR.",30425336,2018,Nat Rev Cancer,,"Mossmann D, Park S, Hall MN. mTOR signalling and cellular metabolism are mutual determinants in cancer. Nat Rev Cancer. 2018 Dec;18(12):744-757. doi: 10.1038/s41568-018-0074-8. PMID: 30425336."
,Of particular importance for this process is a set of coiled-coil proteins - activating adaptors - that both recruit dynein-dynactin to their cargoes and activate dynein motility.,29740130,2018,Nat Rev Mol Cell Biol.,,"Reck-Peterson SL, Redwine WB, Vale RD, Carter AP. The cytoplasmic dynein transport machinery and its many cargoes. Nat Rev Mol Cell Biol. 2018 Jun;19(6):382-398. doi: 10.1038/s41580-018-0004-3. Erratum in: Nat Rev Mol Cell Biol. 2018 May 8;: PMID: 29662141; PMCID: PMC6457270."
,"Moreover, in specific conditions, fluoxetine or running activate not only progenitor but also stem cells, which normally are not stimulated; this fact reveals how stem cells have a long-term, hidden ability to self-renew and, more generally, that neurogenesis is subject to complex controls that may play a role in depression, such as the type of neurogenic stimulus or the state of the local niche.",30236533,2018,Brain Res Bull.,,"Micheli L, Ceccarelli M, D'Andrea G, Tirone F. Depression and adult neurogenesis: Positive effects of the antidepressant fluoxetine and of physical exercise. Brain Res Bull. 2018 Oct;143:181-193. doi: 10.1016/j.brainresbull.2018.09.002. Epub 2018 Sep 17. PMID: 30236533."
,"Indeed, indigo naturalis, which can activate IL-22 pathway through Ahr, has been shown in a clinical trial to exhibit a strong therapeutic effect on ulcerative colitis.",29075900,2018,J Gastroenterol.,,"Mizoguchi A, Yano A, Himuro H, Ezaki Y, Sadanaga T, Mizoguchi E. Clinical importance of IL-22 cascade in IBD. J Gastroenterol. 2018 Apr;53(4):465-474. doi: 10.1007/s00535-017-1401-7. Epub 2017 Oct 26. PMID: 29075900; PMCID: PMC5866830."
,"AR ligands, which include circulating testosterone and locally synthesized dihydrotestosterone, bind to and activate the AR to elicit their effects.",28624515,2018,Mol Cell Endocrinol.,,"Narayanan R, Coss CC, Dalton JT. Development of selective androgen receptor modulators (SARMs). Mol Cell Endocrinol. 2018 Apr 15;465:134-142. doi: 10.1016/j.mce.2017.06.013. Epub 2017 Jun 15. PMID: 28624515; PMCID: PMC5896569."
,"They can induce nociceptor sensitization indirectly via mediators, wherein neurons become primed and thus become more responsive to stimulation; alternatively, there is also evidence that cytokines can directly activate neurons via their specific receptors present on the neuronal cells.",29338939,2018,Trends Immunol.,,"Cook AD, Christensen AD, Tewari D, McMahon SB, Hamilton JA. Immune Cytokines and Their Receptors in Inflammatory Pain. Trends Immunol. 2018 Mar;39(3):240-255. doi: 10.1016/j.it.2017.12.003. Epub 2018 Jan 12. PMID: 29338939."
,"These pathways then activate many biological outputs that are beneficial to cancer cell proliferation, including their chronic initiation and progression through the cell cycle.",28513656,2017,Cancers(Basel),,"These pathways then activate many biological outputs that are beneficial to cancer cell proliferation, including their chronic initiation and progression through the cell cycle."
,"In the sarcoplasma, statins activate MAPK and diminish the RhoA/AKT/mTOR/PGC-1α pathway.",28223230,2017,Pharmacol Ther.,,"du Souich P, Roederer G, Dufour R. Myotoxicity of statins: Mechanism of action. Pharmacol Ther. 2017 Jul;175:1-16. doi: 10.1016/j.pharmthera.2017.02.029. Epub 2017 Feb 14. PMID: 28223230."
bind,"Here, we report for the first time that a SARS-CoV-specific human monoclonal antibody, CR3022, could bind potently with 2019-nCoV RBD (KD of 6.3 nM).",32065055,2020,Emerg Microbes Infect,,"Tian X, Li C, Huang A, Xia S, Lu S, Shi Z, Lu L, Jiang S, Yang Z, Wu Y, Ying T. Potent binding of 2019 novel coronavirus spike protein by a SARS coronavirus-specific human monoclonal antibody. Emerg Microbes Infect. 2020 Feb 17;9(1):382-385. doi: 10.1080/22221751.2020.1729069. PMID: 32065055; PMCID: PMC7048180."
,The drugs mentioned above can tightly bind to the RdRp of the SARS-CoV-2 strain and thus may be used to treat the disease.,32222463,2020,Life Sci.,,"Elfiky AA. Ribavirin, Remdesivir, Sofosbuvir, Galidesivir, and Tenofovir against SARS-CoV-2 RNA dependent RNA polymerase (RdRp): A molecular docking study. Life Sci. 2020 Jul 15;253:117592. doi: 10.1016/j.lfs.2020.117592. Epub 2020 Mar 25. PMID: 32222463; PMCID: PMC7102646."
,"Alpha-1 receptors bind catecholamines including, both epinephrine and norepinephrine.",30969652,2020,StarPearls,,"Taylor BN, Cassagnol M. Alpha Adrenergic Receptors. 2020 Apr 15. In: StatPearls [Internet]. Treasure Island (FL): StatPearls Publishing; 2020 Jan–. PMID: 30969652."
,Entrectinib binds to TRKA/B/C and ROS1 and is prescribed for the treatment of solid tumors with NTRK fusion proteins and for ROS1-postive non-small cell lung cancers. ,31862477,2020,Pharmacol Res.,,Roskoski R Jr. Properties of FDA-approved small molecule protein kinase inhibitors: A 2020 update. Pharmacol Res. 2020 Feb;152:104609. doi: 10.1016/j.phrs.2019.104609. Epub 2019 Dec 17. PMID: 31862477.
,This observation has been related to the use of drugs that can increase the cellular expression of angiotensin-converting enzyme 2 (ACE2) that has been recognized as target to which the virus bind to cells,32279908,2020,Arch Med Res.,,Gracia-Ramos AE. Is the ACE2 Overexpression a Risk Factor for COVID-19 Infection? Arch Med Res. 2020 Apr 4;51(4):345–6. doi: 10.1016/j.arcmed.2020.03.011. Epub ahead of print. PMID: 32279908; PMCID: PMC7128661.
,The agents either bind to the CGRP receptor (erenumab) or bind to the CGRP ligand (fremanezumab and galcanezumab) and block its binding to the receptor. ,32145209,2020,Am J Med.,,"Spindler BL, Ryan M. Medications Approved for Preventing Migraine Headaches. Am J Med. 2020 Mar 5:S0002-9343(20)30143-1. doi: 10.1016/j.amjmed.2020.01.031. Epub ahead of print. PMID: 32145209."
,IgG antibodies are secreted from B cells and bind to a variety of pathogens to control infections as well as contribute to inflammatory diseases.,31478910,2019,J Clin Invest,,"Wang TT, Ravetch JV. Functional diversification of IgGs through Fc glycosylation. J Clin Invest. 2019 Sep 3;129(9):3492-3498. doi: 10.1172/JCI130029. PMID: 31478910; PMCID: PMC6715372."
,"Seven ligands bind to EGFR including epidermal growth factor and transforming growth factor-α, none bind to ErbB2, two bind to ErbB3, and seven ligands bind to ErbB4.",30500458,2018,Pharmacy Res.,,Roskoski R Jr. Small molecule inhibitors targeting the EGFR/ErbB family of protein-tyrosine kinases in human cancers. Pharmacol Res. 2019 Jan;139:395-411. doi: 10.1016/j.phrs.2018.11.014. Epub 2018 Nov 27. PMID: 30500458.
,"Here, we show that vault RNAs directly bind the autophagy receptor sequestosome-1/p62 in human and murine cells.",30773316,2019,Cell,,"Horos R, Büscher M, Kleinendorst R, Alleaume AM, Tarafder AK, Schwarzl T, Dziuba D, Tischer C, Zielonka EM, Adak A, Castello A, Huber W, Sachse C, Hentze MW. The Small Non-coding Vault RNA1-1 Acts as a Riboregulator of Autophagy. Cell. 2019 Feb 21;176(5):1054-1067.e12. doi: 10.1016/j.cell.2019.01.030. Epub 2019 Feb 14. PMID: 30773316."
,"Several CWA proteins comprise modules that have different functions, and some individual domains can bind different ligands, sometimes by different mechanisms. ",31267926,2019,Microbiol Spectr.,,Foster TJ. Surface Proteins of Staphylococcus aureus. Microbiol Spectr. 2019 Jul;7(4). doi: 10.1128/microbiolspec.GPP3-0046-2018. PMID: 31267926.
,"We deduce that 4-benzoyl-propofol binds with >100-fold higher affinity to the γ +-β - site than to the α +-β - or β +-α - sites, whereas loreclezole, an anticonvulsant, binds with 5- and 100-fold higher affinity to the α +-β - site than to the β + and γ +-β - sites.",30952799,2019,Mol Pharmacol.,,"Jayakar SS, Zhou X, Chiara DC, Jarava-Barrera C, Savechenkov PY, Bruzik KS, Tortosa M, Miller KW, Cohen JB. Identifying Drugs that Bind Selectively to Intersubunit General Anesthetic Sites in the α1β3γ2 GABAAR Transmembrane Domain. Mol Pharmacol. 2019 Jun;95(6):615-628. doi: 10.1124/mol.118.114975. Epub 2019 Apr 5. PMID: 30952799; PMCID: PMC6505378."
,"Here, we show that certain glycan-dependent bNAbs, such as PGT121 and PGT151, bind to B, activated T, and natural killer (NK) cells of HIV-infected and -uninfected individuals.",31589168,2019,J Clin Invest.,,"Blazkova J, Refsland EW, Clarridge KE, Shi V, Justement JS, Huiting ED, Gittens KR, Chen X, Schmidt SD, Liu C, Doria-Rose N, Mascola JR, Heredia A, Moir S, Chun TW. Glycan-dependent HIV-specific neutralizing antibodies bind to cells of uninfected individuals. J Clin Invest. 2019 Nov 1;129(11):4832-4837. doi: 10.1172/JCI125955. PMID: 31589168; PMCID: PMC6819136."
,"They rationalize how soluble protein factors that are dissolved in the liquid nuclear phase, the nucleoplasm, bind and organize transcriptionally active or silenced chromatin domains.",29628210,2018,Biophys J.,,"Erdel F, Rippe K. Formation of Chromatin Subcompartments by Phase Separation. Biophys J. 2018 May 22;114(10):2262-2270. doi: 10.1016/j.bpj.2018.03.011. Epub 2018 Apr 6. PMID: 29628210; PMCID: PMC6129460."
,"Here, we describe the discovery of additional, structurally diverse small molecules that also bind to SOS1 in the same pocket and elicit similar biological effects. ",29444450,2018,Anal Biochem.,,"Burns MC, Howes JE, Sun Q, Little AJ, Camper DV, Abbott JR, Phan J, Lee T, Waterson AG, Rossanese OW, Fesik SW. High-throughput screening identifies small molecules that bind to the RAS:SOS:RAS complex and perturb RAS signaling. Anal Biochem. 2018 May 1;548:44-52. doi: 10.1016/j.ab.2018.01.025. Epub 2018 Feb 11. PMID: 29444450; PMCID: PMC5935105."
,"Double-stranded RNA and single-stranded DNA directly bind to TLR3 and TLR9, respectively, whereas TLR7 and TLR8 bind to nucleosides and oligoribonucleotides derived from RNAs.",29452403,2018,Int Immunol.,,"Miyake K, Shibata T, Ohto U, Shimizu T, Saitoh SI, Fukui R, Murakami Y. Mechanisms controlling nucleic acid-sensing Toll-like receptors. Int Immunol. 2018 Mar 8;30(2):43-51. doi: 10.1093/intimm/dxy016. PMID: 29452403."
,"Because these proteins were identified using in vitro assays, we confirmed that they bind to R-loops in vivo.",30108179,2018,Genome Res.,,"Wang IX, Grunseich C, Fox J, Burdick J, Zhu Z, Ravazian N, Hafner M, Cheung VG. Human proteins that interact with RNA/DNA hybrids. Genome Res. 2018 Sep;28(9):1405-1414. doi: 10.1101/gr.237362.118. Epub 2018 Aug 14. PMID: 30108179; PMCID: PMC6120628."
,ASOs bind to selected sequences of RNA and regulate the expression of genes by several mechanisms depending on their chemical properties and targets.,29105153,2018,Muscle Nerve.,,"Goyal N, Narayanaswami P. Making sense of antisense oligonucleotides: A narrative review. Muscle Nerve. 2018 Mar;57(3):356-370. doi: 10.1002/mus.26001. Epub 2017 Dec 27. PMID: 29105153."
,"In this study, we developed potent strigolactone antagonists, which covalently bind to the strigolactone receptor D14, by preparing an array of triazole urea compounds.",30391752,2018,Mol Plant,,"Nakamura H, Hirabayashi K, Miyakawa T, Kikuzato K, Hu W, Xu Y, Jiang K, Takahashi I, Niiyama R, Dohmae N, Tanokura M, Asami T. Triazole Ureas Covalently Bind to Strigolactone Receptor and Antagonize Strigolactone Responses. Mol Plant. 2019 Jan 7;12(1):44-58. doi: 10.1016/j.molp.2018.10.006. Epub 2018 Nov 2. PMID: 30391752."
,Progestins used in endocrine therapies bind to multiple steroid receptors and are associated with several side-effects.,28711501,2017,Biochem Biophys Res Commun.,,"Louw-du Toit R, Perkins MS, Hapgood JP, Africander D. Comparing the androgenic and estrogenic properties of progestins used in contraception and hormone therapy. Biochem Biophys Res Commun. 2017 Sep 9;491(1):140-146. doi: 10.1016/j.bbrc.2017.07.063. Epub 2017 Jul 12. PMID: 28711501; PMCID: PMC5740213."
,"Most of the studies have highlighted that, in the cytoplasm, miRNAs directly bind to the 3'-UTR (untranslated region) of a mRNA.",28467860,2017,Can J Physiol Pharmacol,,"Baradan R, Hollander JM, Das S. Mitochondrial miRNAs in diabetes: just the tip of the iceberg. Can J Physiol Pharmacol. 2017 Oct;95(10):1156-1162. doi: 10.1139/cjpp-2016-0580. Epub 2017 May 3. PMID: 28467860; PMCID: PMC5854153."
stimulate,"The STING pathway can be stimulated by cyclic dinucleotides (CDNs), leading to the type I interferons (IFN) production for immunotherapy for cancer or other diseases.",31793026,2020,Med Res Rev.,,"Wu JJ, Zhao L, Hu HG, Li WH, Li YM. Agonists and inhibitors of the STING pathway: Potential agents for immunotherapy. Med Res Rev. 2020 May;40(3):1117-1141. doi: 10.1002/med.21649. Epub 2019 Dec 2. PMID: 31793026."
,"Arginine significantly stimulates copeptin and therefore is a novel, so far unknown stimulus of this peptide.",31986514,2020,Neuroendocrinology,,Christ-Crain M. Diabetes insipidus - new concepts for diagnosis. Neuroendocrinology. 2020 Jan 2. doi: 10.1159/000505548. Epub ahead of print. PMID: 31986514.
,Local delivery of Bifidobacterium potently stimulates STING signaling and increases cross-priming of dendritic cells after anti-CD47 treatment.,32142585,2020,J Exp Med.,,"Shi Y, Zheng W, Yang K, Harris KG, Ni K, Xue L, Lin W, Chang EB, Weichselbaum RR, Fu YX. Intratumoral accumulation of gut microbiota facilitates CD47-based immunotherapy via STING signaling. J Exp Med. 2020 May 4;217(5):e20192282. doi: 10.1084/jem.20192282. PMID: 32142585; PMCID: PMC7201921."
,"These results demonstrate that hydrolyzed diets may contain proteins that stimulate helper T-lymphocytes, and may not be effective for treating all dogs with food hypersensitivity.",31875597,2020,J Vet Med Sci.,,"Masuda K, Sato A, Tanaka A, Kumagai A. Hydrolyzed diets may stimulate food-reactive lymphocytes in dogs. J Vet Med Sci. 2020 Feb 18;82(2):177-183. doi: 10.1292/jvms.19-0222. Epub 2019 Dec 25. PMID: 31875597; PMCID: PMC7041975."
,"The gastrointestinal hormone ghrelin stimulates growth hormone secretion and appetite, but recent studies indicate that ghrelin also stimulates the secretion of the appetite-inhibiting and insulinotropic hormone glucagon-like peptide-1 (GLP-1).",31608930,2020,J Clin Encocrinol Metab.,,"Jepsen SL, Vestergaard ET, Larraufie P, Gribble FM, Reimann F, Jørgensen JOL, Holst JJ, Kuhre RE. Ghrelin Does Not Directly Stimulate Secretion of Glucagon-like Peptide-1. J Clin Endocrinol Metab. 2020 Jan 1;105(1):266–75. doi: 10.1210/clinem/dgz046. PMID: 31608930; PMCID: PMC6941855."
,"Dopaminergic system is also stimulated by it, thus increasing the concentration of dopamine in nuclear accumbens.",32322429,2020,J Pharmacopuncture,,"Tiwari RK, Sharma V, Pandey RK, Shukla SS. Nicotine Addiction: Neurobiology and Mechanism. J Pharmacopuncture. 2020 Mar 31;23(1):1-7. doi: 10.3831/KPI.2020.23.001. PMID: 32322429; PMCID: PMC7163392."
,"Targeting BACH1 normalized glycolysis and prevented antioxidant-induced metastasis, while increasing endogenous BACH1 expression stimulated glycolysis and promoted metastasis, also in the absence of antioxidants.",31257027,2019,Cell,,"Wiel C, Le Gal K, Ibrahim MX, Jahangir CA, Kashif M, Yao H, Ziegler DV, Xu X, Ghosh T, Mondal T, Kanduri C, Lindahl P, Sayin VI, Bergo MO. BACH1 Stabilization by Antioxidants Stimulates Lung Cancer Metastasis. Cell. 2019 Jul 11;178(2):330-345.e22. doi: 10.1016/j.cell.2019.06.005. Epub 2019 Jun 27. PMID: 31257027."
,"When growth factor signaling stimulates nutrient uptake to levels that exceed a cell's bioenergetic needs, adaptive changes in intermediate metabolism lead to the production of anabolic precursors that fuel the net synthesis of protein, lipids, and nucleic acids.",31628187,2019,J Biol Chem.,,"Thompson CB, Bielska AA. Growth factors stimulate anabolic metabolism by directing nutrient uptake. J Biol Chem. 2019 Nov 22;294(47):17883-17888. doi: 10.1074/jbc.AW119.008146. Epub 2019 Oct 18. PMID: 31628187; PMCID: PMC6879345."
,"Regulation of this process is attributable in part to aldosterone, which stimulates the gene transcription of the ENaC-regulatory kinase, SGK1.",31013253,2019,JCI Insight,,"Sørensen MV, Saha B, Jensen IS, Wu P, Ayasse N, Gleason CE, Svendsen SL, Wang WH, Pearce D. Potassium acts through mTOR to regulate its own secretion. JCI Insight. 2019 Apr 23;5(11):e126910. doi: 10.1172/jci.insight.126910. PMID: 31013253; PMCID: PMC6629116."
,"Indeed, in response to starvation, ACBP/DBI is released from tissues in an autophagy-dependent fashion and increases in the plasma. Intravenous injection of ACBP/DBI stimulates feeding behavior through a reduction of circulating glucose levels, and consequent activation of orexigenic neurons in the hypothalamus.",31656948,2019,Cell Stress,,"Pedro JMB, Sica V, Madeo F, Kroemer G. Acyl-CoA-binding protein (ACBP): the elusive 'hunger factor' linking autophagy to food intake. Cell Stress. 2019 Sep 24;3(10):312-318. doi: 10.15698/cst2019.10.200. PMID: 31656948; PMCID: PMC6789435."
,"Cardiac Na+/Ca2+ exchange current (INCX1) was stimulated by nicorandil (a hybrid ATP-sensitive K+ channel opener), pinacidil (a non-selective ATP-sensitive K+ channel opener), flecainide (an antiarrhythmic drug), and sodium nitroprusside (SNP) (an NO donor).",31664641,2019,J Physiol Sci,,Watanabe Y. Cardiac Na+/Ca2+ exchange stimulators among cardioprotective drugs. J Physiol Sci. 2019 Nov;69(6):837-849. doi: 10.1007/s12576-019-00721-5. Epub 2019 Oct 29. PMID: 31664641.
,"Protein kinase A is then stimulated, leading to phosphorylation of cyclic AMP response element binding protein (CREB), which alters gene expression and stimulates proliferation",31074514,2019,Ann N Y Acad Sci.,,Moody TW. Peptide receptors as cancer drug targets. Ann N Y Acad Sci. 2019 Nov;1455(1):141-148. doi: 10.1111/nyas.14100. Epub 2019 May 10. PMID: 31074514; PMCID: PMC6834859.
,"FGF23 formation and/or release are stimulated by 1,25(OH)2D3, phosphate excess, Ca2+, PTH, leptin, catecholamines, mineralocorticoids, volume depletion, lithium, high fat diet, iron deficiency, TNFα and TGFß2. ",30504710,2018,Kidney Blood Press Res.,,"Lang F, Leibrock C, Pandyra AA, Stournaras C, Wagner CA, Föller M. Phosphate Homeostasis, Inflammation and the Regulation of FGF-23. Kidney Blood Press Res. 2018;43(6):1742-1748. doi: 10.1159/000495393. Epub 2018 Nov 30. PMID: 30504710."
,The pulsatile secretion of hypothalamic gonadotropin-releasing hormone (GnRH) stimulates the synthesis and release of follicle-stimulating hormone (FSH) and luteinizing hormone (LH) by pituitary gonadotropes.,29102564,2018,Mol Cell Endocrinol.,,"Stamatiades GA, Kaiser UB. Gonadotropin regulation by pulsatile GnRH: Signaling and gene expression. Mol Cell Endocrinol. 2018 Mar 5;463:131-141. doi: 10.1016/j.mce.2017.10.015. Epub 2017 Nov 2. PMID: 29102564; PMCID: PMC5812824."
,"Acetate (0.5mM), propionate(0.01mM) and butyrate (0.01mM) alone or in combination significantly increased TER, and stimulated the formation of tight junction.",30138914,2018,Cell Physiol Biochem.,,"Feng Y, Wang Y, Wang P, Huang Y, Wang F. Short-Chain Fatty Acids Manifest Stimulative and Protective Effects on Intestinal Barrier Function Through the Inhibition of NLRP3 Inflammasome and Autophagy. Cell Physiol Biochem. 2018;49(1):190-205. doi: 10.1159/000492853. Epub 2018 Aug 23. PMID: 30138914."
,"By contrast, cells infected with HCV and DENV potently stimulate pDCs via short-range delivery of viral RNAs, which are either packaged within immature virions or secreted exosomes.",30022130,2018,Sci Rep.,,"Sinigaglia L, Gracias S, Décembre E, Fritz M, Bruni D, Smith N, Herbeuval JP, Martin A, Dreux M, Tangy F, Jouvenet N. Immature particles and capsid-free viral RNA produced by Yellow fever virus-infected cells stimulate plasmacytoid dendritic cells to secrete interferons. Sci Rep. 2018 Jul 18;8(1):10889. doi: 10.1038/s41598-018-29235-7. PMID: 30022130; PMCID: PMC6052170."
,"The Transforming Growth Factor beta (TGFβ) Type I receptor kinase inhibitor (A83-01) stimulates colonosphere formation, whereas the Epidermal Growth Factor receptor (EGFR) kinase inhibitor (AG1478) reduces the formation of colonospheres, but in the presence of EGF, a ""just-right"" concentration of AG1478 increases colon organoid cryptogenesis.",29928021,2018,PLoS One,,"Yip HYK, Tan CW, Hirokawa Y, Burgess AW. Colon organoid formation and cryptogenesis are stimulated by growth factors secreted from myofibroblasts. PLoS One. 2018 Jun 21;13(6):e0199412. doi: 10.1371/journal.pone.0199412. PMID: 29928021; PMCID: PMC6013242."
,"Notably, Kv1.3 inhibitors increased β-cell mass in larval zebrafish and stimulated β-cell function in adult zebrafish and in the streptozotocin-induced hyperglycemic mouse model.",30115653,2018,Diabetes,Department of Developmental Genetics,"Matsuda H, Mullapudi ST, Yang YHC, Masaki H, Hesselson D, Stainier DYR. Whole-Organism Chemical Screening Identifies Modulators of Pancreatic β-Cell Function. Diabetes. 2018 Nov;67(11):2268-2279. doi: 10.2337/db17-1223. Epub 2018 Aug 16. PMID: 30115653."
,"FSH stimulates Sertoli cell and spermatogonial proliferation, whereas LH/testosterone is mandatory to complete spermatogenesis.",28248755,2017,Curr Opin Endocrinol Diabetes Obes.,,"Koskenniemi JJ, Virtanen HE, Toppari J. Testicular growth and development in puberty. Curr Opin Endocrinol Diabetes Obes. 2017 Jun;24(3):215-224. doi: 10.1097/MED.0000000000000339. PMID: 28248755."
,"In this review, we summarize the clinical work that has been published in the use of gammaCore for treating primary headache disorders, present an overview of studies demonstrating that nVNS does indeed stimulate similar vagus nerve fibers as the implantable VNS system, and then present several animal headache-related studies that address the mechanism of action of nVNS.",29144716,2017,Am J Manag Care,None,"Simon B, Blake J. Mechanism of action of non-invasive cervical vagus nerve stimulation for the treatment of primary headaches. Am J Manag Care. 2017 Nov;23(17 Suppl):S312-S316. PMID: 29144716."
abolish,"In vitro reconstitutions map the key binding interface to a few acidic residues in the N-terminal region of MAD1, and point mutations in this sequence abolish MAD1 corona localisation and weaken the SAC.",32202322,2020,EMBO J.,Division of Cellular Medicine,"Allan LA, Camacho Reis M, Ciossani G, Huis In 't Veld PJ, Wohlgemuth S, Kops GJ, Musacchio A, Saurin AT. Cyclin B1 scaffolds MAD1 at the kinetochore corona to activate the mitotic checkpoint. EMBO J. 2020 Mar 23:e103180. doi: 10.15252/embj.2019103180. Epub ahead of print. PMID: 32202322."
,SIRT1 inhibition also abolished the protection of NaHS against CSE-induced EMT.,31704583,2020,Redox Biol.,State Key Laboratory of Respiratory Diseases,"Guan R, Wang J, Cai Z, Li Z, Wang L, Li Y, Xu J, Li D, Yao H, Liu W, Deng B, Lu W. Hydrogen sulfide attenuates cigarette smoke-induced airway remodeling by upregulating SIRT1 signaling pathway. Redox Biol. 2020 Jan;28:101356. doi: 10.1016/j.redox.2019.101356. Epub 2019 Oct 24. PMID: 31704583; PMCID: PMC6854091."
,The mutation of a potential ATG8 interacting motif (AIM) in C1 abolishes its interaction with ATG8h in the cytoplasm but favors its interaction with Fibrillarin1 in the nucleolus.,31621924,2020,New Phytol.,State Key Laboratory for Biology of Plant Diseases and Insect Pests,"Li F, Zhang M, Zhang C, Zhou X. Nuclear autophagy degrades a geminivirus nuclear protein to restrict viral infection in solanaceous plants. New Phytol. 2020 Feb;225(4):1746-1761. doi: 10.1111/nph.16268. Epub 2019 Nov 25. PMID: 31621924."
,Cyclophilin inhibitors abolish this interaction.,31634494,2020,Antiviral Res.,Max von Pettenkofer-Institute,"Ma-Lauer Y, Zheng Y, Malešević M, von Brunn B, Fischer G, von Brunn A. Influences of cyclosporin A and non-immunosuppressive derivatives on cellular cyclophilins and viral nucleocapsid protein during human coronavirus 229E replication. Antiviral Res. 2020 Jan;173:104620. doi: 10.1016/j.antiviral.2019.104620. Epub 2019 Oct 18. PMID: 31634494; PMCID: PMC7114175."
,We also show that SPL10 de-repression in the PRs abolishes de novo shoot regenerative capacity by attenuating cytokinin responses.,31642910,2020,J Exp Bot.,Laboratory of Molecular Genetics of Plant Development,"Barrera-Rojas CH, Rocha GHB, Polverari L, Pinheiro Brito DA, Batista DS, Notini MM, da Cruz ACF, Morea EGO, Sabatini S, Otoni WC, Nogueira FTS. miR156-targeted SPL10 controls Arabidopsis root meristem activity and root-derived de novo shoot regeneration via cytokinin responses. J Exp Bot. 2020 Jan 23;71(3):934-950. doi: 10.1093/jxb/erz475. PMID: 31642910."
,"Interestingly, inhibition of p90RSK kinase activity abolished the phosphorylation of Akt as well as the protein expression of ICAM-1, VCAM-1, MMP-2, and NF-κB p65 in Ang II-treated RASMCs.",31864701,2020,Biochem Biophys Res Commun.,,"Huynh DTN, Jin Y, Myung CS, Heo KS. Inhibition of p90RSK is critical to abolish Angiotensin II-induced rat aortic smooth muscle cell proliferation and migration. Biochem Biophys Res Commun. 2020 Feb 26;523(1):267-273. doi: 10.1016/j.bbrc.2019.12.053. Epub 2019 Dec 18. PMID: 31864701."
,"Importantly, disturbing the recruitment of SGs components or microtubule polymerization, as well as other strategies that can abolish SGs formation, is reported to inhibit tumour progression, suggesting that targeting SGs could be a promising strategy for cancer treatment. ",31301065,2019,Br J Pharmacol.,,"Gao X, Jiang L, Gong Y, Chen X, Ying M, Zhu H, He Q, Yang B, Cao J. Stress granule: A promising target for cancer treatment. Br J Pharmacol. 2019 Dec;176(23):4421-4433. doi: 10.1111/bph.14790. Epub 2019 Nov 8. PMID: 31301065; PMCID: PMC6932939."
,LIR mutants of STING abolished its interaction with LC3 and its activation of autophagy.,30568238,2019,Cell Death Differ.,,"Liu D, Wu H, Wang C, Li Y, Tian H, Siraj S, Sehgal SA, Wang X, Wang J, Shang Y, Jiang Z, Liu L, Chen Q. STING directly activates autophagy to tune the innate immune response. Cell Death Differ. 2019 Sep;26(9):1735-1749. doi: 10.1038/s41418-018-0251-z. Epub 2018 Dec 19. PMID: 30568238; PMCID: PMC6748081."
,"Anti-QS agents can abolish the QS signaling and prevent the biofilm formation, therefore reducing bacterial virulence without causing drug-resistant to the pathogens, suggesting that anti-QS agents are potential alternatives for antibiotics.",31080810,2019,Biomed Res Int.,,"Jiang Q, Chen J, Yang C, Yin Y, Yao K. Quorum Sensing: A Prospective Therapeutic Target for Bacterial Diseases. Biomed Res Int. 2019 Apr 4;2019:2015978. doi: 10.1155/2019/2015978. PMID: 31080810; PMCID: PMC6475571."
,"On the other hand, autophagy has been reported to perform context-dependent roles in cancer; at times, it becomes lethal and abolishes tumorigenesis, whereas, at other instances, it protects cancer cells by providing a rescue mechanism under adverse conditions.",31158463,2019,Semin Cancer Biol.,,"Bhol CS, Panigrahi DP, Praharaj PP, Mahapatra KK, Patra S, Mishra SR, Behera BP, Bhutia SK. Epigenetic modifications of autophagy in cancer and cancer therapeutics. Semin Cancer Biol. 2019 May 31:S1044-579X(19)30012-4. doi: 10.1016/j.semcancer.2019.05.020. Epub ahead of print. PMID: 31158463."
,"The cessation of ThymoD transcription abolishes transcription-mediated demethylation, recruiting looping factors such as the cohesin complex, CCCTC-binding factor (CTCF), ultimately leading to the phenotype of severe combined immunodeficiency and T-cell leukemia/lymphoma.",31228211,2019,Cancer Sci.,,"Isoda T, Morio T, Takagi M. Noncoding RNA transcription at enhancers and genome folding in cancer. Cancer Sci. 2019 Aug;110(8):2328-2336. doi: 10.1111/cas.14107. Epub 2019 Jul 10. PMID: 31228211; PMCID: PMC6676135."
,NEK7 knockdown abolish ATP + LPS-induced pyroptosis in vitro and improved DSS-induced chronic colitis in vivo.,31787755,2019,Cell Each Dis.,,"Chen X, Liu G, Yuan Y, Wu G, Wang S, Yuan L. NEK7 interacts with NLRP3 to modulate the pyroptosis in inflammatory bowel disease via NF-κB signaling. Cell Death Dis. 2019 Dec 2;10(12):906. doi: 10.1038/s41419-019-2157-1. PMID: 31787755; PMCID: PMC6885517."
,"We demonstrate that citrullination of antiplasmin, antithrombin, t-PAI, and C1 inhibitor (P1-Arg-containing Serpins) abolishes their ability to inhibit their cognate proteases",29628436,2018,Cell Chem Biol.,,"Tilvawala R, Nguyen SH, Maurais AJ, Nemmara VV, Nagar M, Salinger AJ, Nagpal S, Weerapana E, Thompson PR. The Rheumatoid Arthritis-Associated Citrullinome. Cell Chem Biol. 2018 Jun 21;25(6):691-704.e6. doi: 10.1016/j.chembiol.2018.03.002. Epub 2018 Apr 5. PMID: 29628436; PMCID: PMC6014894."
,The blockage of autophagy induction largely abolished the protective effect of SIRT3 in sepsis-induced AKI. ,30487750,2018,Front Physiol.,,"Zhao W, Zhang L, Chen R, Lu H, Sui M, Zhu Y, Zeng L. SIRT3 Protects Against Acute Kidney Injury via AMPK/mTOR-Regulated Autophagy. Front Physiol. 2018 Nov 14;9:1526. doi: 10.3389/fphys.2018.01526. PMID: 30487750; PMCID: PMC6246697."
,"Loss of either channel significantly impairs taste, and loss of both channels completely abolishes the ability to detect bitter, sweet, or umami stimuli. ",29311301,2018,Proc Natl Acad Sci U S A,,"Dutta Banik D, Martin LE, Freichel M, Torregrossa AM, Medler KF. TRPM4 and TRPM5 are both required for normal signaling in taste receptor cells. Proc Natl Acad Sci U S A. 2018 Jan 23;115(4):E772-E781. doi: 10.1073/pnas.1718802115. Epub 2018 Jan 8. PMID: 29311301; PMCID: PMC5789955."
,The AhR antagonist CH223191 obviously abolished NLRP3 inflammasome activation inhibited by cardamonin.,30071202,2018,Biochem Pharmacol.,,"Wang K, Lv Q, Miao YM, Qiao SM, Dai Y, Wei ZF. Cardamonin, a natural flavone, alleviates inflammatory bowel disease by the inhibition of NLRP3 inflammasome activation via an AhR/Nrf2/NQO1 pathway. Biochem Pharmacol. 2018 Sep;155:494-509. doi: 10.1016/j.bcp.2018.07.039. Epub 2018 Jul 31. PMID: 30071202."
,"Brief activation of Kiss1ARH axon terminals in the preoptic area of the hypothalamus recapitulates this response, while pharmacological blockade of neurokinin B (NkB) receptors in the same brain region abolishes it.",29996088,2018,Cell Rep.,,"Padilla SL, Johnson CW, Barker FD, Patterson MA, Palmiter RD. A Neural Circuit Underlying the Generation of Hot Flushes. Cell Rep. 2018 Jul 10;24(2):271-277. doi: 10.1016/j.celrep.2018.06.037. PMID: 29996088; PMCID: PMC6094949."
,"The activity of the phosphatidilcholine canalicular transporter Mdr2 P-glycoprotein (homologous to the human ABCB4) is essential for LpX appearance, since its suppression abolishes Lp-X formation.",30503707,2018,Nutr Metab Cardiovasc Disc.,,"Fellin R, Manzato E. Lipoprotein-X fifty years after its original discovery. Nutr Metab Cardiovasc Dis. 2019 Jan;29(1):4-8. doi: 10.1016/j.numecd.2018.09.006. Epub 2018 Sep 26. PMID: 30503707."
,Inactivation of lacL abolishes growth of L. acidophilus NCFM on LNnT.,28780101,2017,J Dairt Sci,"Department of Food Science and Human Nutrition, University of Illinois, Urbana 61801.","Thongaram T, Hoeflinger JL, Chow J, Miller MJ. Human milk oligosaccharide consumption by probiotic and human-associated bifidobacteria and lactobacilli. J Dairy Sci. 2017 Oct;100(10):7825-7833. doi: 10.3168/jds.2017-12753. Epub 2017 Aug 2. PMID: 28780103."
,"Sympathetic-specific deletion of TrkA receptor or pharmacologic ablation by 6-hydroxydopamine abolishes these intra-adipose arborizations and, as a result, cold-induced beiging of inguinal WAT.",28918935,2017,Cell Metab.,,"Jiang H, Ding X, Cao Y, Wang H, Zeng W. Dense Intra-adipose Sympathetic Arborizations Are Essential for Cold-Induced Beiging of Mouse White Adipose Tissue. Cell Metab. 2017 Oct 3;26(4):686-692.e3. doi: 10.1016/j.cmet.2017.08.016. Epub 2017 Sep 14. PMID: 28918935."