test-1	FALSE	TRUE
test-2	TRUE	FALSE
test-3	TRUE	FALSE
test-4	FALSE	TRUE
test-5	TRUE	FALSE
test-6	FALSE	TRUE
test-7	TRUE	FALSE
test-8	FALSE	TRUE
test-9	TRUE	FALSE
test-10	FALSE	TRUE
test-11	FALSE	FALSE
test-12	FALSE	FALSE
test-13	TRUE	FALSE
test-14	TRUE	FALSE
test-15	TRUE	FALSE
test-16	FALSE	FALSE
test-17	TRUE	FALSE
test-18	FALSE	TRUE
test-19	TRUE	FALSE
test-20	TRUE	FALSE
test-21	FALSE	TRUE
test-22	TRUE	FALSE
test-23	TRUE	FALSE
test-24	FALSE	FALSE
test-25	TRUE	FALSE
test-26	FALSE	TRUE
test-27	TRUE	FALSE
test-28	FALSE	TRUE
test-29	TRUE	FALSE
test-30	FALSE	FALSE
test-31	FALSE	TRUE
test-32	FALSE	TRUE
test-33	FALSE	TRUE
test-34	TRUE	FALSE
test-35	TRUE	FALSE
test-36	FALSE	TRUE
test-37	TRUE	FALSE
test-38	TRUE	FALSE
test-39	FALSE	TRUE
test-40	TRUE	FALSE
test-41	TRUE	FALSE
test-42	TRUE	FALSE
test-43	TRUE	FALSE
test-44	FALSE	TRUE
test-45	FALSE	TRUE
test-46	TRUE	FALSE
test-47	FALSE	TRUE
test-48	TRUE	FALSE
test-49	FALSE	TRUE
test-50	FALSE	TRUE
test-51	FALSE	TRUE
test-52	TRUE	FALSE
test-53	TRUE	FALSE
test-54	FALSE	TRUE
test-55	FALSE	TRUE
test-56	TRUE	FALSE
test-57	TRUE	FALSE
test-58	FALSE	TRUE
test-59	TRUE	FALSE
test-60	FALSE	TRUE
test-61	FALSE	TRUE
test-62	TRUE	FALSE
test-63	TRUE	FALSE
test-64	TRUE	FALSE
test-65	TRUE	FALSE
test-66	FALSE	TRUE
test-67	FALSE	TRUE
test-68	FALSE	TRUE
test-69	TRUE	FALSE
test-70	FALSE	TRUE
test-71	TRUE	FALSE
test-72	TRUE	FALSE
test-73	TRUE	FALSE
test-74	FALSE	TRUE
test-75	FALSE	FALSE
test-76	FALSE	TRUE
test-77	TRUE	FALSE
test-78	FALSE	FALSE
test-79	FALSE	TRUE
test-80	TRUE	FALSE
test-81	TRUE	FALSE
test-82	FALSE	TRUE
test-83	FALSE	TRUE
test-84	FALSE	TRUE
test-85	TRUE	FALSE
test-86	TRUE	FALSE
test-87	TRUE	FALSE
test-88	TRUE	FALSE
test-89	TRUE	FALSE
test-90	FALSE	TRUE
test-91	TRUE	FALSE
test-92	FALSE	TRUE
test-93	FALSE	FALSE
test-94	TRUE	FALSE
test-95	TRUE	FALSE
test-96	TRUE	FALSE
test-97	FALSE	FALSE
test-98	TRUE	FALSE
test-99	FALSE	TRUE
test-100	FALSE	FALSE
test-101	FALSE	TRUE
test-102	FALSE	TRUE
test-103	FALSE	TRUE
test-104	TRUE	FALSE
test-105	FALSE	TRUE
test-106	TRUE	FALSE
test-107	TRUE	FALSE
test-108	FALSE	TRUE
test-109	FALSE	TRUE
test-110	FALSE	TRUE
test-111	TRUE	FALSE
test-112	TRUE	FALSE
test-113	TRUE	FALSE
test-114	TRUE	FALSE
test-115	FALSE	TRUE
test-116	FALSE	TRUE
test-117	TRUE	FALSE
test-118	FALSE	FALSE
test-119	TRUE	FALSE
test-120	TRUE	FALSE
test-121	FALSE	TRUE
test-122	FALSE	TRUE
test-123	FALSE	TRUE
test-124	FALSE	TRUE
test-125	FALSE	TRUE
test-126	TRUE	FALSE
test-127	FALSE	TRUE
test-128	FALSE	TRUE
test-129	FALSE	TRUE
test-130	FALSE	TRUE
test-131	FALSE	TRUE
test-132	FALSE	TRUE
test-133	FALSE	TRUE
test-134	FALSE	TRUE
test-135	TRUE	FALSE
test-136	TRUE	FALSE
test-137	FALSE	TRUE
test-138	FALSE	TRUE
test-139	FALSE	TRUE
test-140	TRUE	FALSE
test-141	FALSE	TRUE
test-142	FALSE	TRUE
test-143	FALSE	FALSE
test-144	FALSE	TRUE
test-145	FALSE	TRUE
test-146	TRUE	FALSE
test-147	FALSE	TRUE
test-148	TRUE	FALSE
test-149	TRUE	FALSE
test-150	TRUE	FALSE
test-151	FALSE	TRUE
test-152	TRUE	FALSE
test-153	FALSE	FALSE
test-154	FALSE	TRUE
test-155	FALSE	TRUE
test-156	TRUE	FALSE
test-157	TRUE	FALSE
test-158	TRUE	FALSE
test-159	FALSE	TRUE
test-160	FALSE	TRUE
test-161	FALSE	TRUE
test-162	TRUE	FALSE
test-163	TRUE	FALSE
test-164	TRUE	FALSE
test-165	TRUE	FALSE
test-166	FALSE	TRUE
test-167	TRUE	FALSE
test-168	TRUE	FALSE
test-169	FALSE	TRUE
test-170	TRUE	FALSE
test-171	FALSE	TRUE
test-172	FALSE	TRUE
test-173	TRUE	FALSE
test-174	FALSE	TRUE
test-175	FALSE	TRUE
test-176	TRUE	FALSE
test-177	FALSE	TRUE
test-178	FALSE	TRUE
test-179	TRUE	FALSE
test-180	TRUE	FALSE
test-181	TRUE	FALSE
test-182	FALSE	TRUE
test-183	FALSE	TRUE
test-184	TRUE	FALSE
test-185	FALSE	TRUE
test-186	FALSE	TRUE
test-187	FALSE	TRUE
test-188	TRUE	FALSE
test-189	TRUE	FALSE
test-190	FALSE	TRUE
test-191	FALSE	TRUE
test-192	FALSE	TRUE
test-193	FALSE	TRUE
test-194	FALSE	TRUE
test-195	FALSE	TRUE
test-196	FALSE	TRUE
test-197	FALSE	TRUE
test-198	FALSE	TRUE
test-199	TRUE	FALSE
test-200	TRUE	FALSE
test-201	TRUE	FALSE
test-202	TRUE	FALSE
test-203	FALSE	TRUE
test-204	FALSE	TRUE
test-205	TRUE	FALSE
test-206	FALSE	TRUE
test-207	TRUE	FALSE
test-208	TRUE	FALSE
test-209	TRUE	FALSE
test-210	TRUE	FALSE
test-211	TRUE	FALSE
test-212	TRUE	FALSE
test-213	TRUE	FALSE
test-214	FALSE	TRUE
test-215	FALSE	FALSE
test-216	FALSE	TRUE
test-217	FALSE	TRUE
test-218	TRUE	FALSE
test-219	FALSE	TRUE
test-220	FALSE	TRUE
test-221	FALSE	TRUE
test-222	TRUE	FALSE
test-223	TRUE	FALSE
test-224	FALSE	TRUE
test-225	TRUE	FALSE
test-226	TRUE	FALSE
test-227	FALSE	TRUE
test-228	FALSE	TRUE
test-229	FALSE	TRUE
test-230	TRUE	FALSE
test-231	FALSE	TRUE
test-232	FALSE	TRUE
test-233	TRUE	FALSE
test-234	FALSE	TRUE
test-235	FALSE	TRUE
test-236	FALSE	FALSE
test-237	TRUE	FALSE
test-238	TRUE	FALSE
test-239	TRUE	FALSE
test-240	FALSE	TRUE
test-241	FALSE	TRUE
test-242	FALSE	TRUE
test-243	TRUE	FALSE
test-244	TRUE	FALSE
test-245	TRUE	FALSE
test-246	FALSE	TRUE
test-247	TRUE	FALSE
test-248	FALSE	TRUE
test-249	TRUE	FALSE
test-250	FALSE	TRUE
test-251	TRUE	FALSE
test-252	TRUE	FALSE
test-253	TRUE	FALSE
test-254	FALSE	TRUE
test-255	TRUE	FALSE
test-256	FALSE	TRUE
test-257	FALSE	TRUE
test-258	TRUE	FALSE
test-259	FALSE	FALSE
test-260	FALSE	FALSE
test-261	FALSE	TRUE
test-262	TRUE	FALSE
test-263	TRUE	FALSE
test-264	FALSE	TRUE
test-265	FALSE	TRUE
test-266	FALSE	TRUE
test-267	FALSE	TRUE
test-268	FALSE	TRUE
test-269	TRUE	FALSE
test-270	FALSE	TRUE
test-271	TRUE	FALSE
test-272	TRUE	FALSE
test-273	TRUE	FALSE
test-274	FALSE	FALSE
test-275	TRUE	FALSE
test-276	FALSE	TRUE
test-277	TRUE	FALSE
test-278	TRUE	FALSE
test-279	TRUE	FALSE
test-280	TRUE	FALSE
test-281	TRUE	FALSE
test-282	FALSE	TRUE
test-283	FALSE	TRUE
test-284	FALSE	TRUE
test-285	FALSE	TRUE
test-286	TRUE	FALSE
test-287	TRUE	FALSE
test-288	FALSE	TRUE
test-289	FALSE	TRUE
test-290	TRUE	FALSE
test-291	TRUE	FALSE
test-292	TRUE	FALSE
test-293	FALSE	TRUE
test-294	TRUE	FALSE
test-295	TRUE	FALSE
test-296	TRUE	FALSE
test-297	TRUE	FALSE
test-298	FALSE	TRUE
test-299	FALSE	TRUE
test-300	FALSE	TRUE
test-301	TRUE	FALSE
test-302	FALSE	TRUE
test-303	FALSE	TRUE
test-304	TRUE	FALSE
test-305	FALSE	TRUE
test-306	FALSE	TRUE
test-307	FALSE	TRUE
test-308	TRUE	FALSE
test-309	FALSE	TRUE
test-310	TRUE	FALSE
test-311	FALSE	TRUE
test-312	FALSE	TRUE
test-313	TRUE	FALSE
test-314	TRUE	FALSE
test-315	FALSE	TRUE
test-316	FALSE	TRUE
test-317	FALSE	TRUE
test-318	FALSE	TRUE
test-319	FALSE	TRUE
test-320	FALSE	TRUE
test-321	FALSE	TRUE
test-322	FALSE	TRUE
test-323	FALSE	TRUE
test-324	TRUE	FALSE
test-325	TRUE	FALSE
test-326	TRUE	FALSE
test-327	FALSE	TRUE
test-328	FALSE	TRUE
test-329	FALSE	TRUE
test-330	TRUE	FALSE
test-331	FALSE	TRUE
test-332	FALSE	TRUE
test-333	FALSE	TRUE
test-334	TRUE	FALSE
test-335	FALSE	TRUE
test-336	TRUE	FALSE
test-337	FALSE	TRUE
test-338	FALSE	TRUE
test-339	FALSE	TRUE
test-340	TRUE	FALSE
test-341	FALSE	TRUE
test-342	TRUE	FALSE
test-343	FALSE	TRUE
test-344	FALSE	TRUE
test-345	TRUE	FALSE
test-346	FALSE	TRUE
test-347	FALSE	TRUE
test-348	FALSE	TRUE
test-349	FALSE	TRUE
test-350	FALSE	FALSE
test-351	TRUE	FALSE
test-352	FALSE	TRUE
test-353	FALSE	TRUE
test-354	TRUE	FALSE
test-355	FALSE	FALSE
test-356	FALSE	TRUE
test-357	TRUE	FALSE
test-358	FALSE	TRUE
test-359	TRUE	FALSE
test-360	FALSE	TRUE
test-361	FALSE	TRUE
test-362	FALSE	TRUE
test-363	TRUE	FALSE
test-364	TRUE	FALSE
test-365	FALSE	TRUE
test-366	FALSE	FALSE
test-367	FALSE	TRUE
test-368	FALSE	TRUE
test-369	TRUE	FALSE
test-370	TRUE	FALSE
test-371	FALSE	TRUE
test-372	FALSE	TRUE
test-373	FALSE	TRUE
test-374	TRUE	FALSE
test-375	FALSE	TRUE
test-376	TRUE	FALSE
test-377	FALSE	FALSE
test-378	TRUE	FALSE
test-379	FALSE	TRUE
test-380	TRUE	FALSE
test-381	FALSE	TRUE
test-382	TRUE	FALSE
test-383	TRUE	FALSE
test-384	TRUE	FALSE
test-385	TRUE	FALSE
test-386	TRUE	FALSE
test-387	TRUE	FALSE
test-388	FALSE	TRUE
test-389	TRUE	FALSE
test-390	FALSE	FALSE
test-391	TRUE	FALSE
test-392	TRUE	FALSE
test-393	FALSE	TRUE
test-394	TRUE	FALSE
test-395	TRUE	FALSE
test-396	FALSE	TRUE
test-397	FALSE	TRUE
test-398	TRUE	FALSE
test-399	FALSE	TRUE
test-400	TRUE	FALSE
test-401	FALSE	FALSE
test-402	TRUE	FALSE
test-403	TRUE	FALSE
test-404	TRUE	FALSE
test-405	FALSE	TRUE
test-406	FALSE	TRUE
test-407	TRUE	FALSE
test-408	FALSE	TRUE
test-409	FALSE	TRUE
test-410	FALSE	TRUE
test-411	TRUE	FALSE
test-412	TRUE	FALSE
test-413	TRUE	FALSE
test-414	FALSE	TRUE
test-415	TRUE	FALSE
test-416	TRUE	FALSE
test-417	FALSE	TRUE
test-418	TRUE	FALSE
test-419	FALSE	TRUE
test-420	TRUE	FALSE
test-421	FALSE	TRUE
test-422	FALSE	TRUE
test-423	TRUE	FALSE
test-424	FALSE	TRUE
test-425	FALSE	TRUE
test-426	TRUE	FALSE
test-427	FALSE	TRUE
test-428	TRUE	FALSE
test-429	FALSE	FALSE
test-430	FALSE	FALSE
test-431	TRUE	FALSE
test-432	TRUE	FALSE
test-433	TRUE	FALSE
test-434	FALSE	TRUE
test-435	FALSE	TRUE
test-436	FALSE	TRUE
test-437	TRUE	FALSE
test-438	FALSE	FALSE
test-439	FALSE	TRUE
test-440	FALSE	TRUE
test-441	TRUE	FALSE
test-442	FALSE	FALSE
test-443	FALSE	TRUE
test-444	TRUE	FALSE
test-445	TRUE	FALSE
test-446	FALSE	TRUE
test-447	FALSE	TRUE
test-448	TRUE	FALSE
test-449	TRUE	FALSE
test-450	TRUE	FALSE
test-451	TRUE	FALSE
test-452	TRUE	FALSE
test-453	TRUE	FALSE
test-454	TRUE	FALSE
test-455	TRUE	FALSE
test-456	FALSE	FALSE
test-457	FALSE	TRUE
test-458	TRUE	FALSE
test-459	FALSE	TRUE
test-460	FALSE	TRUE
test-461	FALSE	TRUE
test-462	FALSE	FALSE
test-463	TRUE	FALSE
test-464	TRUE	FALSE
test-465	TRUE	FALSE
test-466	FALSE	TRUE
test-467	FALSE	TRUE
test-468	TRUE	FALSE
test-469	TRUE	FALSE
test-470	TRUE	FALSE
test-471	FALSE	TRUE
test-472	FALSE	TRUE
test-473	TRUE	FALSE
test-474	FALSE	TRUE
test-475	FALSE	TRUE
test-476	FALSE	TRUE
test-477	FALSE	TRUE
test-478	TRUE	FALSE
test-479	FALSE	TRUE
test-480	FALSE	TRUE
test-481	TRUE	FALSE
test-482	TRUE	FALSE
test-483	FALSE	TRUE
test-484	TRUE	FALSE
test-485	FALSE	TRUE
test-486	TRUE	FALSE
test-487	FALSE	TRUE
test-488	FALSE	TRUE
test-489	TRUE	FALSE
test-490	FALSE	TRUE
test-491	FALSE	FALSE
test-492	TRUE	FALSE
test-493	FALSE	TRUE
test-494	TRUE	FALSE
test-495	TRUE	FALSE
test-496	FALSE	TRUE
test-497	TRUE	FALSE
test-498	FALSE	TRUE
test-499	TRUE	FALSE
test-500	FALSE	TRUE
test-501	TRUE	FALSE
test-502	FALSE	TRUE
test-503	TRUE	FALSE
test-504	FALSE	FALSE
test-505	FALSE	FALSE
test-506	FALSE	TRUE
test-507	FALSE	TRUE
test-508	TRUE	FALSE
test-509	FALSE	TRUE
test-510	TRUE	FALSE
test-511	FALSE	TRUE
test-512	TRUE	FALSE
test-513	TRUE	FALSE
test-514	TRUE	FALSE
test-515	FALSE	TRUE
test-516	FALSE	FALSE
test-517	TRUE	FALSE
test-518	FALSE	TRUE
test-519	FALSE	TRUE
test-520	FALSE	TRUE
test-521	FALSE	TRUE
test-522	TRUE	FALSE
test-523	FALSE	TRUE
test-524	FALSE	TRUE
test-525	TRUE	FALSE
test-526	TRUE	FALSE
test-527	TRUE	FALSE
test-528	TRUE	FALSE
test-529	TRUE	FALSE
test-530	FALSE	TRUE
test-531	TRUE	FALSE
test-532	FALSE	TRUE
test-533	TRUE	FALSE
test-534	TRUE	FALSE
test-535	FALSE	FALSE
test-536	TRUE	FALSE
test-537	FALSE	FALSE
test-538	FALSE	TRUE
test-539	FALSE	TRUE
test-540	TRUE	FALSE
test-541	FALSE	TRUE
test-542	TRUE	FALSE
test-543	FALSE	TRUE
test-544	TRUE	FALSE
test-545	TRUE	FALSE
test-546	TRUE	FALSE
test-547	FALSE	FALSE
test-548	TRUE	FALSE
test-549	FALSE	TRUE
test-550	FALSE	TRUE
test-551	TRUE	FALSE
test-552	FALSE	FALSE
test-553	FALSE	TRUE
test-554	FALSE	TRUE
test-555	TRUE	FALSE
test-556	TRUE	FALSE
test-557	TRUE	FALSE
test-558	FALSE	TRUE
test-559	FALSE	TRUE
test-560	FALSE	TRUE
test-561	TRUE	FALSE
test-562	TRUE	FALSE
test-563	FALSE	TRUE
test-564	TRUE	FALSE
test-565	FALSE	TRUE
test-566	FALSE	TRUE
test-567	TRUE	FALSE
test-568	TRUE	FALSE
test-569	TRUE	FALSE
test-570	FALSE	FALSE
test-571	FALSE	FALSE
test-572	FALSE	TRUE
test-573	TRUE	FALSE
test-574	TRUE	FALSE
test-575	FALSE	TRUE
test-576	TRUE	FALSE
test-577	TRUE	FALSE
test-578	TRUE	FALSE
test-579	FALSE	TRUE
test-580	TRUE	FALSE
test-581	FALSE	TRUE
test-582	TRUE	FALSE
test-583	TRUE	FALSE
test-584	FALSE	TRUE
test-585	TRUE	FALSE
test-586	FALSE	TRUE
test-587	TRUE	FALSE
test-588	TRUE	FALSE
test-589	TRUE	FALSE
test-590	TRUE	FALSE
test-591	FALSE	FALSE
test-592	TRUE	FALSE
test-593	FALSE	TRUE
test-594	TRUE	FALSE
test-595	FALSE	TRUE
test-596	TRUE	FALSE
test-597	FALSE	TRUE
test-598	TRUE	FALSE
test-599	TRUE	FALSE
test-600	TRUE	FALSE
test-601	FALSE	TRUE
test-602	FALSE	TRUE
test-603	FALSE	TRUE
test-604	FALSE	TRUE
test-605	TRUE	FALSE
test-606	TRUE	FALSE
test-607	FALSE	TRUE
test-608	TRUE	FALSE
test-609	TRUE	FALSE
test-610	FALSE	FALSE
test-611	FALSE	TRUE
test-612	TRUE	FALSE
test-613	FALSE	TRUE
test-614	FALSE	TRUE
test-615	FALSE	TRUE
test-616	FALSE	TRUE
test-617	TRUE	FALSE
test-618	FALSE	TRUE
test-619	FALSE	TRUE
test-620	TRUE	FALSE
test-621	FALSE	TRUE
test-622	FALSE	TRUE
test-623	FALSE	TRUE
test-624	FALSE	FALSE
test-625	FALSE	TRUE
test-626	TRUE	FALSE
test-627	FALSE	FALSE
test-628	FALSE	TRUE
test-629	TRUE	FALSE
test-630	FALSE	TRUE
test-631	FALSE	TRUE
test-632	FALSE	TRUE
test-633	FALSE	TRUE
test-634	FALSE	TRUE
test-635	TRUE	FALSE
test-636	FALSE	TRUE
test-637	TRUE	FALSE
test-638	TRUE	FALSE
test-639	TRUE	FALSE
test-640	FALSE	TRUE
test-641	FALSE	TRUE
test-642	FALSE	TRUE
test-643	FALSE	TRUE
test-644	FALSE	FALSE
test-645	TRUE	FALSE
test-646	FALSE	TRUE
test-647	TRUE	FALSE
test-648	TRUE	FALSE
test-649	FALSE	FALSE
test-650	TRUE	FALSE
test-651	TRUE	FALSE
test-652	FALSE	TRUE
test-653	TRUE	FALSE
test-654	FALSE	TRUE
test-655	TRUE	FALSE
test-656	TRUE	FALSE
test-657	FALSE	TRUE
test-658	FALSE	TRUE
test-659	FALSE	TRUE
test-660	FALSE	TRUE
test-661	TRUE	FALSE
test-662	TRUE	FALSE
test-663	FALSE	TRUE
test-664	TRUE	FALSE
test-665	FALSE	TRUE
test-666	TRUE	FALSE
test-667	FALSE	TRUE
test-668	FALSE	TRUE
test-669	TRUE	FALSE
test-670	FALSE	TRUE
test-671	FALSE	TRUE
test-672	TRUE	FALSE
test-673	FALSE	FALSE
test-674	TRUE	FALSE
test-675	FALSE	TRUE
test-676	FALSE	TRUE
test-677	TRUE	FALSE
test-678	TRUE	FALSE
test-679	TRUE	FALSE
test-680	FALSE	TRUE
test-681	FALSE	FALSE
test-682	FALSE	TRUE
test-683	FALSE	FALSE
test-684	FALSE	FALSE
test-685	FALSE	FALSE
test-686	FALSE	TRUE
test-687	FALSE	TRUE
test-688	TRUE	FALSE
test-689	FALSE	TRUE
test-690	TRUE	FALSE
test-691	FALSE	TRUE
test-692	FALSE	TRUE
test-693	FALSE	FALSE
test-694	TRUE	FALSE
test-695	FALSE	TRUE
test-696	FALSE	TRUE
test-697	FALSE	TRUE
test-698	TRUE	FALSE
test-699	TRUE	FALSE
test-700	TRUE	FALSE
test-701	TRUE	FALSE
test-702	FALSE	TRUE
test-703	FALSE	TRUE
test-704	FALSE	TRUE
test-705	TRUE	FALSE
test-706	TRUE	FALSE
test-707	TRUE	FALSE
test-708	FALSE	TRUE
test-709	FALSE	TRUE
test-710	FALSE	TRUE
test-711	TRUE	FALSE
test-712	TRUE	FALSE
test-713	FALSE	TRUE
test-714	FALSE	TRUE
test-715	TRUE	FALSE
test-716	TRUE	FALSE
test-717	TRUE	FALSE
test-718	TRUE	FALSE
test-719	TRUE	FALSE
test-720	TRUE	FALSE
test-721	TRUE	FALSE
test-722	TRUE	FALSE
test-723	TRUE	FALSE
test-724	FALSE	TRUE
test-725	TRUE	FALSE
test-726	TRUE	FALSE
test-727	TRUE	FALSE
test-728	TRUE	FALSE
test-729	FALSE	TRUE
test-730	FALSE	TRUE
test-731	TRUE	FALSE
test-732	FALSE	TRUE
test-733	TRUE	FALSE
test-734	TRUE	FALSE
test-735	TRUE	FALSE
test-736	TRUE	FALSE
test-737	TRUE	FALSE
test-738	FALSE	FALSE
test-739	FALSE	TRUE
test-740	FALSE	TRUE
test-741	TRUE	FALSE
test-742	FALSE	TRUE
test-743	FALSE	TRUE
test-744	TRUE	FALSE
test-745	FALSE	TRUE
test-746	TRUE	FALSE
test-747	TRUE	FALSE
test-748	FALSE	TRUE
test-749	TRUE	FALSE
test-750	FALSE	TRUE
test-751	FALSE	TRUE
test-752	FALSE	TRUE
test-753	TRUE	FALSE
test-754	FALSE	TRUE
test-755	FALSE	FALSE
test-756	FALSE	FALSE
test-757	TRUE	FALSE
test-758	FALSE	TRUE
test-759	FALSE	FALSE
test-760	FALSE	TRUE
test-761	FALSE	TRUE
test-762	FALSE	TRUE
test-763	TRUE	FALSE
test-764	FALSE	TRUE
test-765	FALSE	FALSE
test-766	TRUE	FALSE
test-767	FALSE	TRUE
test-768	TRUE	FALSE
test-769	TRUE	FALSE
test-770	TRUE	FALSE
test-771	TRUE	FALSE
test-772	FALSE	TRUE
test-773	FALSE	TRUE
test-774	FALSE	TRUE
test-775	TRUE	FALSE
test-776	FALSE	TRUE
test-777	FALSE	TRUE
test-778	TRUE	FALSE
test-779	TRUE	FALSE
test-780	TRUE	FALSE
test-781	FALSE	TRUE
test-782	TRUE	FALSE
test-783	FALSE	TRUE
test-784	FALSE	TRUE
test-785	FALSE	FALSE
test-786	TRUE	FALSE
test-787	TRUE	FALSE
test-788	TRUE	FALSE
test-789	FALSE	TRUE
test-790	FALSE	TRUE
test-791	TRUE	FALSE
test-792	FALSE	TRUE
test-793	FALSE	TRUE
test-794	TRUE	FALSE
test-795	FALSE	FALSE
test-796	TRUE	FALSE
test-797	FALSE	TRUE
test-798	TRUE	FALSE
test-799	TRUE	FALSE
test-800	TRUE	FALSE
test-801	FALSE	TRUE
test-802	FALSE	TRUE
test-803	FALSE	TRUE
test-804	TRUE	FALSE
test-805	FALSE	TRUE
test-806	FALSE	TRUE
test-807	FALSE	TRUE
test-808	TRUE	FALSE
test-809	FALSE	TRUE
test-810	FALSE	TRUE
test-811	FALSE	TRUE
test-812	FALSE	TRUE
test-813	FALSE	TRUE
test-814	FALSE	FALSE
test-815	TRUE	FALSE
test-816	FALSE	TRUE
test-817	TRUE	FALSE
test-818	FALSE	FALSE
test-819	FALSE	TRUE
test-820	TRUE	FALSE
test-821	TRUE	FALSE
test-822	TRUE	FALSE
test-823	FALSE	TRUE
test-824	TRUE	FALSE
test-825	FALSE	TRUE
test-826	FALSE	TRUE
test-827	TRUE	FALSE
test-828	TRUE	FALSE
test-829	TRUE	FALSE
test-830	TRUE	FALSE
test-831	TRUE	FALSE
test-832	TRUE	FALSE
test-833	TRUE	FALSE
test-834	TRUE	FALSE
test-835	FALSE	TRUE
test-836	TRUE	FALSE
test-837	TRUE	FALSE
test-838	FALSE	TRUE
test-839	FALSE	TRUE
test-840	TRUE	FALSE
test-841	TRUE	FALSE
test-842	FALSE	TRUE
test-843	TRUE	FALSE
test-844	TRUE	FALSE
test-845	TRUE	FALSE
test-846	FALSE	TRUE
test-847	FALSE	TRUE
test-848	TRUE	FALSE
test-849	FALSE	FALSE
test-850	FALSE	TRUE
test-851	FALSE	TRUE
test-852	TRUE	FALSE
test-853	TRUE	FALSE
test-854	FALSE	FALSE
test-855	FALSE	TRUE
test-856	TRUE	FALSE
test-857	FALSE	TRUE
test-858	FALSE	TRUE
test-859	TRUE	FALSE
test-860	FALSE	TRUE
test-861	FALSE	TRUE
test-862	FALSE	TRUE
test-863	TRUE	FALSE
test-864	TRUE	FALSE
test-865	FALSE	FALSE
test-866	FALSE	TRUE
test-867	FALSE	TRUE
test-868	FALSE	TRUE
test-869	FALSE	TRUE
test-870	TRUE	FALSE
test-871	TRUE	FALSE
test-872	FALSE	TRUE
test-873	FALSE	TRUE
test-874	TRUE	FALSE
test-875	FALSE	TRUE
test-876	FALSE	TRUE
test-877	TRUE	FALSE
test-878	TRUE	FALSE
test-879	FALSE	TRUE
test-880	TRUE	FALSE
test-881	TRUE	FALSE
test-882	TRUE	FALSE
test-883	TRUE	FALSE
test-884	TRUE	FALSE
test-885	FALSE	TRUE
test-886	FALSE	TRUE
test-887	FALSE	TRUE
test-888	FALSE	TRUE
test-889	FALSE	TRUE
test-890	FALSE	TRUE
test-891	TRUE	FALSE
test-892	FALSE	TRUE
test-893	FALSE	TRUE
test-894	FALSE	TRUE
test-895	FALSE	FALSE
test-896	FALSE	TRUE
test-897	FALSE	FALSE
test-898	FALSE	TRUE
test-899	TRUE	FALSE
test-900	TRUE	FALSE
test-901	FALSE	TRUE
test-902	TRUE	FALSE
test-903	FALSE	TRUE
test-904	TRUE	FALSE
test-905	TRUE	FALSE
test-906	TRUE	FALSE
test-907	FALSE	TRUE
test-908	TRUE	FALSE
test-909	FALSE	FALSE
test-910	TRUE	FALSE
test-911	FALSE	TRUE
test-912	FALSE	TRUE
test-913	FALSE	TRUE
test-914	FALSE	TRUE
test-915	FALSE	TRUE
test-916	FALSE	TRUE
test-917	FALSE	TRUE
test-918	TRUE	FALSE
test-919	FALSE	TRUE
test-920	FALSE	TRUE
test-921	FALSE	TRUE
test-922	FALSE	FALSE
test-923	FALSE	TRUE
test-924	FALSE	TRUE
test-925	FALSE	FALSE
test-926	FALSE	TRUE
test-927	FALSE	TRUE
test-928	TRUE	FALSE
test-929	TRUE	FALSE
test-930	TRUE	FALSE
test-931	TRUE	FALSE
test-932	FALSE	FALSE
test-933	FALSE	TRUE
test-934	FALSE	FALSE
test-935	TRUE	FALSE
test-936	FALSE	TRUE
test-937	TRUE	FALSE
test-938	TRUE	FALSE
test-939	FALSE	TRUE
test-940	FALSE	FALSE
test-941	TRUE	FALSE
test-942	FALSE	TRUE
test-943	FALSE	TRUE
test-944	FALSE	TRUE
test-945	TRUE	FALSE
test-946	FALSE	TRUE
test-947	TRUE	FALSE
test-948	FALSE	TRUE
test-949	FALSE	TRUE
test-950	FALSE	TRUE
test-951	FALSE	TRUE
test-952	TRUE	FALSE
test-953	FALSE	TRUE
test-954	TRUE	FALSE
test-955	FALSE	TRUE
test-956	FALSE	TRUE
test-957	FALSE	FALSE
test-958	TRUE	FALSE
test-959	FALSE	TRUE
test-960	TRUE	FALSE
test-961	TRUE	FALSE
test-962	FALSE	TRUE
test-963	FALSE	TRUE
test-964	TRUE	FALSE
test-965	FALSE	TRUE
test-966	FALSE	TRUE
test-967	TRUE	FALSE
test-968	TRUE	FALSE
test-969	TRUE	FALSE
test-970	TRUE	FALSE
test-971	FALSE	TRUE
test-972	FALSE	TRUE
test-973	TRUE	FALSE
test-974	TRUE	FALSE
test-975	TRUE	FALSE
test-976	TRUE	FALSE
test-977	FALSE	TRUE
test-978	FALSE	TRUE
test-979	FALSE	TRUE
test-980	FALSE	TRUE
test-981	FALSE	FALSE
test-982	TRUE	FALSE
test-983	TRUE	FALSE
test-984	FALSE	TRUE
test-985	TRUE	FALSE
test-986	TRUE	FALSE
test-987	TRUE	FALSE
test-988	TRUE	FALSE
test-989	FALSE	FALSE
test-990	TRUE	FALSE
test-991	TRUE	FALSE
test-992	FALSE	TRUE
test-993	FALSE	TRUE
test-994	FALSE	TRUE
test-995	TRUE	FALSE
test-996	FALSE	TRUE
test-997	FALSE	TRUE
test-998	TRUE	FALSE
test-999	TRUE	FALSE
test-1000	FALSE	TRUE
test-1001	TRUE	FALSE
test-1002	TRUE	FALSE
test-1003	FALSE	TRUE
test-1004	FALSE	TRUE
test-1005	FALSE	FALSE
test-1006	FALSE	TRUE
test-1007	FALSE	TRUE
test-1008	FALSE	TRUE
test-1009	FALSE	TRUE
test-1010	FALSE	TRUE
test-1011	FALSE	TRUE
test-1012	TRUE	FALSE
test-1013	FALSE	FALSE
test-1014	TRUE	FALSE
test-1015	FALSE	TRUE
test-1016	FALSE	TRUE
test-1017	FALSE	TRUE
test-1018	FALSE	TRUE
test-1019	TRUE	FALSE
test-1020	TRUE	FALSE
test-1021	FALSE	TRUE
test-1022	FALSE	TRUE
test-1023	TRUE	FALSE
test-1024	FALSE	TRUE
test-1025	FALSE	TRUE
test-1026	TRUE	FALSE
test-1027	TRUE	FALSE
test-1028	TRUE	FALSE
test-1029	TRUE	FALSE
test-1030	TRUE	FALSE
test-1031	FALSE	TRUE
test-1032	TRUE	FALSE
test-1033	TRUE	FALSE
test-1034	FALSE	TRUE
test-1035	FALSE	TRUE
test-1036	TRUE	FALSE
test-1037	TRUE	FALSE
test-1038	FALSE	TRUE
test-1039	TRUE	FALSE
test-1040	TRUE	FALSE
test-1041	FALSE	TRUE
test-1042	FALSE	TRUE
test-1043	FALSE	TRUE
test-1044	FALSE	TRUE
test-1045	TRUE	FALSE
test-1046	FALSE	TRUE
test-1047	TRUE	FALSE
test-1048	FALSE	TRUE
test-1049	TRUE	FALSE
test-1050	FALSE	TRUE
test-1051	TRUE	FALSE
test-1052	TRUE	FALSE
test-1053	FALSE	TRUE
test-1054	TRUE	FALSE
test-1055	FALSE	TRUE
test-1056	TRUE	FALSE
test-1057	TRUE	FALSE
test-1058	FALSE	TRUE
test-1059	TRUE	FALSE
test-1060	FALSE	TRUE
test-1061	FALSE	TRUE
test-1062	FALSE	TRUE
test-1063	FALSE	TRUE
test-1064	FALSE	TRUE
test-1065	FALSE	TRUE
test-1066	TRUE	FALSE
test-1067	TRUE	FALSE
test-1068	FALSE	FALSE
test-1069	FALSE	TRUE
test-1070	TRUE	FALSE
test-1071	FALSE	TRUE
test-1072	TRUE	FALSE
test-1073	FALSE	TRUE
test-1074	FALSE	FALSE
test-1075	TRUE	FALSE
test-1076	FALSE	TRUE
test-1077	FALSE	TRUE
test-1078	FALSE	TRUE
test-1079	FALSE	TRUE
test-1080	FALSE	TRUE
test-1081	FALSE	TRUE
test-1082	TRUE	FALSE
test-1083	FALSE	TRUE
test-1084	FALSE	TRUE
test-1085	FALSE	FALSE
test-1086	FALSE	TRUE
test-1087	FALSE	TRUE
test-1088	FALSE	FALSE
test-1089	FALSE	TRUE
test-1090	FALSE	TRUE
test-1091	TRUE	FALSE
test-1092	TRUE	FALSE
test-1093	FALSE	TRUE
test-1094	FALSE	TRUE
test-1095	TRUE	FALSE
test-1096	FALSE	TRUE
test-1097	TRUE	FALSE
test-1098	FALSE	TRUE
test-1099	TRUE	FALSE
test-1100	FALSE	TRUE
test-1101	FALSE	TRUE
test-1102	TRUE	FALSE
test-1103	TRUE	FALSE
test-1104	FALSE	TRUE
test-1105	FALSE	FALSE
test-1106	FALSE	TRUE
test-1107	FALSE	TRUE
test-1108	FALSE	TRUE
test-1109	TRUE	FALSE
test-1110	TRUE	FALSE
test-1111	TRUE	FALSE
test-1112	TRUE	FALSE
test-1113	TRUE	FALSE
test-1114	FALSE	FALSE
test-1115	TRUE	FALSE
test-1116	FALSE	FALSE
test-1117	TRUE	FALSE
test-1118	FALSE	TRUE
test-1119	TRUE	FALSE
test-1120	FALSE	TRUE
test-1121	FALSE	TRUE
test-1122	FALSE	TRUE
test-1123	FALSE	TRUE
test-1124	FALSE	TRUE
test-1125	TRUE	FALSE
test-1126	FALSE	TRUE
test-1127	FALSE	TRUE
test-1128	FALSE	TRUE
test-1129	TRUE	FALSE
test-1130	FALSE	FALSE
test-1131	TRUE	FALSE
test-1132	TRUE	FALSE
test-1133	TRUE	FALSE
test-1134	TRUE	FALSE
test-1135	FALSE	TRUE
test-1136	FALSE	TRUE
test-1137	TRUE	FALSE
test-1138	TRUE	FALSE
test-1139	TRUE	FALSE
test-1140	FALSE	TRUE
test-1141	FALSE	TRUE
test-1142	FALSE	TRUE
test-1143	TRUE	FALSE
test-1144	FALSE	TRUE
test-1145	FALSE	TRUE
test-1146	FALSE	TRUE
test-1147	FALSE	TRUE
test-1148	TRUE	FALSE
test-1149	FALSE	TRUE
test-1150	TRUE	FALSE
test-1151	FALSE	TRUE
test-1152	FALSE	TRUE
test-1153	TRUE	FALSE
test-1154	TRUE	FALSE
test-1155	TRUE	FALSE
test-1156	TRUE	FALSE
test-1157	FALSE	TRUE
test-1158	TRUE	FALSE
test-1159	FALSE	TRUE
test-1160	TRUE	FALSE
test-1161	FALSE	TRUE
test-1162	FALSE	TRUE
test-1163	FALSE	TRUE
test-1164	TRUE	FALSE
test-1165	TRUE	FALSE
test-1166	FALSE	TRUE
test-1167	FALSE	TRUE
test-1168	FALSE	TRUE
test-1169	TRUE	FALSE
test-1170	TRUE	FALSE
test-1171	TRUE	FALSE
test-1172	FALSE	TRUE
test-1173	TRUE	FALSE
test-1174	FALSE	TRUE
test-1175	FALSE	TRUE
test-1176	TRUE	FALSE
test-1177	FALSE	TRUE
test-1178	FALSE	TRUE
test-1179	TRUE	FALSE
test-1180	TRUE	FALSE
test-1181	TRUE	FALSE
test-1182	TRUE	FALSE
test-1183	TRUE	FALSE
test-1184	FALSE	FALSE
test-1185	FALSE	TRUE
test-1186	FALSE	TRUE
test-1187	FALSE	TRUE
test-1188	FALSE	TRUE
test-1189	FALSE	TRUE
test-1190	TRUE	FALSE
test-1191	FALSE	TRUE
test-1192	FALSE	TRUE
test-1193	FALSE	TRUE
test-1194	TRUE	FALSE
test-1195	FALSE	TRUE
test-1196	TRUE	FALSE
test-1197	FALSE	TRUE
test-1198	FALSE	TRUE
test-1199	FALSE	TRUE
test-1200	TRUE	FALSE
test-1201	TRUE	FALSE
test-1202	TRUE	FALSE
test-1203	FALSE	TRUE
test-1204	TRUE	FALSE
test-1205	TRUE	FALSE
test-1206	TRUE	FALSE
test-1207	FALSE	FALSE
test-1208	TRUE	FALSE
test-1209	FALSE	FALSE
test-1210	FALSE	TRUE
test-1211	FALSE	TRUE
test-1212	TRUE	FALSE
test-1213	FALSE	TRUE
test-1214	TRUE	FALSE
test-1215	FALSE	TRUE
test-1216	FALSE	TRUE
test-1217	FALSE	TRUE
test-1218	FALSE	TRUE
test-1219	FALSE	TRUE
test-1220	TRUE	FALSE
test-1221	FALSE	TRUE
test-1222	FALSE	TRUE
test-1223	FALSE	TRUE
test-1224	TRUE	FALSE
test-1225	FALSE	TRUE
test-1226	FALSE	TRUE
test-1227	FALSE	TRUE
test-1228	FALSE	TRUE
test-1229	FALSE	FALSE
test-1230	TRUE	FALSE
test-1231	FALSE	TRUE
test-1232	FALSE	TRUE
test-1233	TRUE	FALSE
test-1234	TRUE	FALSE
test-1235	FALSE	TRUE
test-1236	FALSE	TRUE
test-1237	FALSE	TRUE
test-1238	FALSE	FALSE
test-1239	FALSE	TRUE
test-1240	TRUE	FALSE
test-1241	FALSE	TRUE
test-1242	FALSE	FALSE
test-1243	FALSE	TRUE
test-1244	TRUE	FALSE
test-1245	FALSE	TRUE
test-1246	FALSE	TRUE
test-1247	FALSE	TRUE
test-1248	FALSE	TRUE
test-1249	FALSE	TRUE
test-1250	FALSE	FALSE
test-1251	TRUE	FALSE
test-1252	FALSE	TRUE
test-1253	FALSE	TRUE
test-1254	FALSE	TRUE
test-1255	FALSE	TRUE
test-1256	TRUE	FALSE
test-1257	TRUE	FALSE
test-1258	FALSE	TRUE
test-1259	TRUE	FALSE
test-1260	FALSE	TRUE
test-1261	FALSE	TRUE
test-1262	TRUE	FALSE
test-1263	FALSE	TRUE
test-1264	FALSE	TRUE
test-1265	TRUE	FALSE
test-1266	TRUE	FALSE
test-1267	FALSE	TRUE
test-1268	TRUE	FALSE
test-1269	TRUE	FALSE
test-1270	FALSE	TRUE
test-1271	TRUE	FALSE
test-1272	TRUE	FALSE
test-1273	FALSE	TRUE
test-1274	FALSE	TRUE
test-1275	FALSE	TRUE
test-1276	TRUE	FALSE
test-1277	FALSE	TRUE
test-1278	TRUE	FALSE
test-1279	FALSE	TRUE
test-1280	FALSE	TRUE
test-1281	FALSE	TRUE
test-1282	TRUE	FALSE
test-1283	FALSE	FALSE
test-1284	FALSE	TRUE
test-1285	FALSE	TRUE
test-1286	TRUE	FALSE
test-1287	FALSE	TRUE
test-1288	FALSE	FALSE
test-1289	FALSE	TRUE
test-1290	FALSE	FALSE
test-1291	FALSE	TRUE
test-1292	TRUE	FALSE
test-1293	TRUE	FALSE
test-1294	FALSE	FALSE
test-1295	FALSE	TRUE
test-1296	TRUE	FALSE
test-1297	TRUE	FALSE
test-1298	TRUE	FALSE
test-1299	TRUE	FALSE
test-1300	TRUE	FALSE
test-1301	FALSE	TRUE
test-1302	TRUE	FALSE
test-1303	TRUE	FALSE
test-1304	TRUE	FALSE
test-1305	FALSE	TRUE
test-1306	FALSE	FALSE
test-1307	FALSE	TRUE
test-1308	TRUE	FALSE
test-1309	FALSE	TRUE
test-1310	FALSE	FALSE
test-1311	TRUE	FALSE
test-1312	FALSE	TRUE
test-1313	TRUE	FALSE
test-1314	FALSE	TRUE
test-1315	FALSE	FALSE
test-1316	FALSE	TRUE
test-1317	FALSE	TRUE
test-1318	TRUE	FALSE
test-1319	TRUE	FALSE
test-1320	FALSE	TRUE
test-1321	FALSE	FALSE
test-1322	FALSE	TRUE
test-1323	FALSE	TRUE
test-1324	FALSE	TRUE
test-1325	FALSE	TRUE
test-1326	TRUE	FALSE
test-1327	FALSE	TRUE
test-1328	FALSE	TRUE
test-1329	TRUE	FALSE
test-1330	FALSE	TRUE
test-1331	TRUE	FALSE
test-1332	FALSE	TRUE
test-1333	FALSE	FALSE
test-1334	TRUE	FALSE
test-1335	FALSE	TRUE
test-1336	TRUE	FALSE
test-1337	TRUE	FALSE
test-1338	FALSE	TRUE
test-1339	FALSE	TRUE
test-1340	TRUE	FALSE
test-1341	FALSE	TRUE
test-1342	FALSE	TRUE
test-1343	TRUE	FALSE
test-1344	FALSE	TRUE
test-1345	FALSE	TRUE
test-1346	TRUE	FALSE
test-1347	FALSE	TRUE
test-1348	FALSE	TRUE
test-1349	FALSE	TRUE
test-1350	FALSE	TRUE
test-1351	FALSE	TRUE
test-1352	FALSE	TRUE
test-1353	TRUE	FALSE
test-1354	TRUE	FALSE
test-1355	FALSE	FALSE
test-1356	TRUE	FALSE
test-1357	TRUE	FALSE
test-1358	FALSE	FALSE
test-1359	FALSE	TRUE
test-1360	TRUE	FALSE
test-1361	TRUE	FALSE
test-1362	FALSE	TRUE
test-1363	TRUE	FALSE
test-1364	FALSE	TRUE
test-1365	TRUE	FALSE
test-1366	FALSE	TRUE
test-1367	TRUE	FALSE
test-1368	FALSE	TRUE
test-1369	TRUE	FALSE
test-1370	TRUE	FALSE
test-1371	FALSE	TRUE
test-1372	TRUE	FALSE
test-1373	FALSE	TRUE
test-1374	TRUE	FALSE
test-1375	FALSE	TRUE
test-1376	TRUE	FALSE
test-1377	FALSE	TRUE
test-1378	FALSE	TRUE
test-1379	FALSE	TRUE
test-1380	TRUE	FALSE
test-1381	FALSE	TRUE
test-1382	FALSE	TRUE
test-1383	TRUE	FALSE
test-1384	FALSE	TRUE
test-1385	FALSE	TRUE
test-1386	TRUE	FALSE
test-1387	FALSE	TRUE
test-1388	FALSE	TRUE
test-1389	TRUE	FALSE
test-1390	FALSE	TRUE
test-1391	TRUE	FALSE
test-1392	FALSE	TRUE
test-1393	FALSE	TRUE
test-1394	TRUE	FALSE
test-1395	FALSE	TRUE
test-1396	TRUE	FALSE
test-1397	TRUE	FALSE
test-1398	TRUE	FALSE
test-1399	FALSE	TRUE
test-1400	FALSE	TRUE
test-1401	FALSE	TRUE
test-1402	TRUE	FALSE
test-1403	FALSE	TRUE
test-1404	TRUE	FALSE
test-1405	FALSE	FALSE
test-1406	FALSE	TRUE
test-1407	FALSE	FALSE
test-1408	FALSE	TRUE
test-1409	TRUE	FALSE
test-1410	FALSE	TRUE
test-1411	TRUE	FALSE
test-1412	FALSE	TRUE
test-1413	FALSE	TRUE
test-1414	FALSE	TRUE
test-1415	TRUE	FALSE
test-1416	TRUE	FALSE
test-1417	TRUE	FALSE
test-1418	TRUE	FALSE
test-1419	FALSE	FALSE
test-1420	FALSE	TRUE
test-1421	TRUE	FALSE
test-1422	FALSE	TRUE
test-1423	FALSE	TRUE
test-1424	FALSE	FALSE
test-1425	FALSE	TRUE
test-1426	FALSE	TRUE
test-1427	FALSE	TRUE
test-1428	FALSE	TRUE
test-1429	FALSE	TRUE
test-1430	FALSE	TRUE
test-1431	TRUE	FALSE
test-1432	TRUE	FALSE
test-1433	TRUE	FALSE
test-1434	TRUE	FALSE
test-1435	TRUE	FALSE
test-1436	TRUE	FALSE
test-1437	TRUE	FALSE
test-1438	TRUE	FALSE
test-1439	FALSE	TRUE
test-1440	FALSE	TRUE
test-1441	FALSE	FALSE
test-1442	TRUE	FALSE
test-1443	TRUE	FALSE
test-1444	FALSE	TRUE
test-1445	FALSE	TRUE
test-1446	FALSE	TRUE
test-1447	FALSE	TRUE
test-1448	FALSE	TRUE
test-1449	FALSE	FALSE
test-1450	TRUE	FALSE
test-1451	FALSE	TRUE
test-1452	TRUE	FALSE
test-1453	TRUE	FALSE
test-1454	FALSE	TRUE
test-1455	TRUE	FALSE
test-1456	TRUE	FALSE
test-1457	FALSE	TRUE
test-1458	FALSE	TRUE
test-1459	FALSE	TRUE
test-1460	TRUE	FALSE
test-1461	TRUE	FALSE
test-1462	TRUE	FALSE
test-1463	TRUE	FALSE
test-1464	FALSE	TRUE
test-1465	FALSE	TRUE
test-1466	TRUE	FALSE
test-1467	FALSE	TRUE
test-1468	FALSE	TRUE
test-1469	FALSE	FALSE
test-1470	FALSE	TRUE
test-1471	FALSE	TRUE
test-1472	FALSE	TRUE
test-1473	TRUE	FALSE
test-1474	TRUE	FALSE
test-1475	TRUE	FALSE
test-1476	FALSE	FALSE
test-1477	FALSE	TRUE
test-1478	FALSE	TRUE
test-1479	TRUE	FALSE
test-1480	TRUE	FALSE
test-1481	TRUE	FALSE
test-1482	FALSE	TRUE
test-1483	FALSE	TRUE
test-1484	TRUE	FALSE
test-1485	FALSE	TRUE
test-1486	FALSE	TRUE
test-1487	FALSE	FALSE
test-1488	FALSE	TRUE
test-1489	TRUE	FALSE
test-1490	FALSE	TRUE
test-1491	FALSE	TRUE
test-1492	FALSE	TRUE
test-1493	FALSE	TRUE
test-1494	TRUE	FALSE
test-1495	FALSE	TRUE
test-1496	FALSE	TRUE
test-1497	FALSE	TRUE
test-1498	TRUE	FALSE
test-1499	FALSE	TRUE
test-1500	TRUE	FALSE
test-1501	TRUE	FALSE
test-1502	FALSE	TRUE
test-1503	FALSE	TRUE
test-1504	TRUE	FALSE
test-1505	TRUE	FALSE
test-1506	FALSE	TRUE
test-1507	TRUE	FALSE
test-1508	TRUE	FALSE
test-1509	TRUE	FALSE
test-1510	FALSE	TRUE
test-1511	TRUE	FALSE
test-1512	FALSE	FALSE
test-1513	TRUE	FALSE
test-1514	FALSE	TRUE
test-1515	FALSE	FALSE
test-1516	TRUE	FALSE
test-1517	TRUE	FALSE
test-1518	FALSE	FALSE
test-1519	TRUE	FALSE
test-1520	FALSE	TRUE
test-1521	FALSE	FALSE
test-1522	FALSE	TRUE
test-1523	FALSE	TRUE
test-1524	TRUE	FALSE
test-1525	FALSE	FALSE
test-1526	FALSE	TRUE
test-1527	FALSE	FALSE
test-1528	TRUE	FALSE
test-1529	FALSE	TRUE
test-1530	FALSE	TRUE
test-1531	FALSE	FALSE
test-1532	FALSE	TRUE
test-1533	TRUE	FALSE
test-1534	TRUE	FALSE
test-1535	FALSE	TRUE
test-1536	FALSE	TRUE
test-1537	FALSE	TRUE
test-1538	TRUE	FALSE
test-1539	FALSE	TRUE
test-1540	TRUE	FALSE
test-1541	TRUE	FALSE
test-1542	FALSE	TRUE
test-1543	TRUE	FALSE
test-1544	FALSE	FALSE
test-1545	FALSE	TRUE
test-1546	FALSE	TRUE
test-1547	FALSE	TRUE
test-1548	TRUE	FALSE
test-1549	FALSE	TRUE
test-1550	FALSE	FALSE
test-1551	TRUE	FALSE
test-1552	TRUE	FALSE
test-1553	TRUE	FALSE
test-1554	FALSE	TRUE
test-1555	FALSE	TRUE
test-1556	FALSE	TRUE
test-1557	TRUE	FALSE
test-1558	FALSE	TRUE
test-1559	FALSE	TRUE
test-1560	TRUE	FALSE
test-1561	FALSE	TRUE
test-1562	FALSE	TRUE
test-1563	TRUE	FALSE
test-1564	FALSE	TRUE
test-1565	TRUE	FALSE
test-1566	TRUE	FALSE
test-1567	FALSE	TRUE
test-1568	FALSE	TRUE
test-1569	TRUE	FALSE
test-1570	TRUE	FALSE
test-1571	TRUE	FALSE
test-1572	TRUE	FALSE
test-1573	TRUE	FALSE
test-1574	TRUE	FALSE
test-1575	FALSE	TRUE
test-1576	FALSE	TRUE
test-1577	TRUE	FALSE
test-1578	TRUE	FALSE
test-1579	FALSE	TRUE
test-1580	TRUE	FALSE
test-1581	FALSE	TRUE
test-1582	FALSE	TRUE
test-1583	FALSE	TRUE
test-1584	TRUE	FALSE
test-1585	TRUE	FALSE
test-1586	TRUE	FALSE
test-1587	TRUE	FALSE
test-1588	TRUE	FALSE
test-1589	TRUE	FALSE
test-1590	FALSE	TRUE
test-1591	FALSE	TRUE
test-1592	FALSE	FALSE
test-1593	FALSE	TRUE
test-1594	TRUE	FALSE
test-1595	FALSE	TRUE
test-1596	TRUE	FALSE
test-1597	FALSE	FALSE
test-1598	FALSE	TRUE
test-1599	TRUE	FALSE
test-1600	FALSE	TRUE
test-1601	FALSE	TRUE
test-1602	FALSE	TRUE
test-1603	FALSE	TRUE
test-1604	TRUE	FALSE
test-1605	FALSE	TRUE
test-1606	TRUE	FALSE
test-1607	FALSE	FALSE
test-1608	FALSE	TRUE
test-1609	FALSE	TRUE
test-1610	FALSE	TRUE
test-1611	FALSE	TRUE
test-1612	FALSE	FALSE
test-1613	FALSE	TRUE
test-1614	TRUE	FALSE
test-1615	TRUE	FALSE
test-1616	FALSE	TRUE
test-1617	TRUE	FALSE
test-1618	FALSE	TRUE
test-1619	FALSE	FALSE
test-1620	FALSE	FALSE
test-1621	TRUE	FALSE
test-1622	TRUE	FALSE
test-1623	FALSE	TRUE
test-1624	TRUE	FALSE
test-1625	FALSE	TRUE
test-1626	TRUE	FALSE
test-1627	TRUE	FALSE
test-1628	FALSE	TRUE
test-1629	FALSE	TRUE
test-1630	FALSE	TRUE
test-1631	FALSE	FALSE
test-1632	FALSE	TRUE
test-1633	FALSE	TRUE
test-1634	TRUE	FALSE
test-1635	FALSE	TRUE
test-1636	FALSE	TRUE
test-1637	FALSE	TRUE
test-1638	FALSE	TRUE
test-1639	FALSE	TRUE
test-1640	FALSE	TRUE
test-1641	TRUE	FALSE
test-1642	TRUE	FALSE
test-1643	TRUE	FALSE
test-1644	TRUE	FALSE
test-1645	TRUE	FALSE
test-1646	FALSE	TRUE
test-1647	FALSE	FALSE
test-1648	FALSE	TRUE
test-1649	FALSE	TRUE
test-1650	TRUE	FALSE
test-1651	FALSE	TRUE
test-1652	TRUE	FALSE
test-1653	FALSE	TRUE
test-1654	TRUE	FALSE
test-1655	TRUE	FALSE
test-1656	FALSE	TRUE
test-1657	FALSE	TRUE
test-1658	FALSE	TRUE
test-1659	TRUE	FALSE
test-1660	TRUE	FALSE
test-1661	FALSE	TRUE
test-1662	TRUE	FALSE
test-1663	TRUE	FALSE
test-1664	FALSE	TRUE
test-1665	FALSE	TRUE
test-1666	TRUE	FALSE
test-1667	TRUE	FALSE
test-1668	TRUE	FALSE
test-1669	TRUE	FALSE
test-1670	FALSE	TRUE
test-1671	TRUE	FALSE
test-1672	FALSE	TRUE
test-1673	TRUE	FALSE
test-1674	FALSE	TRUE
test-1675	FALSE	TRUE
test-1676	FALSE	TRUE
test-1677	TRUE	FALSE
test-1678	FALSE	TRUE
test-1679	TRUE	FALSE
test-1680	FALSE	TRUE
test-1681	FALSE	TRUE
test-1682	TRUE	FALSE
test-1683	TRUE	FALSE
test-1684	FALSE	TRUE
test-1685	FALSE	TRUE
test-1686	TRUE	FALSE
test-1687	FALSE	TRUE
test-1688	FALSE	FALSE
test-1689	FALSE	TRUE
test-1690	FALSE	TRUE
test-1691	FALSE	TRUE
test-1692	TRUE	FALSE
test-1693	FALSE	TRUE
test-1694	TRUE	FALSE
test-1695	FALSE	TRUE
test-1696	TRUE	FALSE
test-1697	FALSE	FALSE
test-1698	FALSE	FALSE
test-1699	FALSE	TRUE
test-1700	FALSE	FALSE
test-1701	TRUE	FALSE
test-1702	FALSE	TRUE
test-1703	FALSE	TRUE
test-1704	FALSE	TRUE
test-1705	TRUE	FALSE
test-1706	TRUE	FALSE
test-1707	FALSE	TRUE
test-1708	FALSE	TRUE
test-1709	FALSE	FALSE
test-1710	TRUE	FALSE
test-1711	FALSE	TRUE
test-1712	FALSE	TRUE
test-1713	TRUE	FALSE
test-1714	FALSE	TRUE
test-1715	FALSE	TRUE
test-1716	FALSE	FALSE
test-1717	FALSE	TRUE
test-1718	TRUE	FALSE
test-1719	FALSE	TRUE
test-1720	FALSE	TRUE
test-1721	FALSE	TRUE
test-1722	FALSE	TRUE
test-1723	TRUE	FALSE
test-1724	FALSE	TRUE
test-1725	FALSE	TRUE
test-1726	FALSE	TRUE
test-1727	FALSE	FALSE
test-1728	FALSE	TRUE
test-1729	TRUE	FALSE
test-1730	TRUE	FALSE
test-1731	FALSE	TRUE
test-1732	FALSE	TRUE
test-1733	TRUE	FALSE
test-1734	FALSE	TRUE
test-1735	FALSE	TRUE
test-1736	FALSE	TRUE
test-1737	FALSE	TRUE
test-1738	FALSE	TRUE
test-1739	TRUE	FALSE
test-1740	FALSE	TRUE
test-1741	TRUE	FALSE
test-1742	TRUE	FALSE
test-1743	FALSE	TRUE
test-1744	FALSE	TRUE
test-1745	FALSE	FALSE
test-1746	TRUE	FALSE
test-1747	FALSE	TRUE
test-1748	TRUE	FALSE
test-1749	TRUE	FALSE
test-1750	TRUE	FALSE
test-1751	TRUE	FALSE
test-1752	FALSE	TRUE
test-1753	TRUE	FALSE
test-1754	FALSE	TRUE
test-1755	TRUE	FALSE
test-1756	TRUE	FALSE
test-1757	TRUE	FALSE
test-1758	TRUE	FALSE
test-1759	FALSE	FALSE
test-1760	FALSE	TRUE
test-1761	TRUE	FALSE
test-1762	TRUE	FALSE
test-1763	FALSE	TRUE
test-1764	FALSE	TRUE
test-1765	FALSE	TRUE
test-1766	FALSE	FALSE
test-1767	FALSE	TRUE
test-1768	FALSE	TRUE
test-1769	FALSE	TRUE
test-1770	TRUE	FALSE
test-1771	TRUE	FALSE
test-1772	TRUE	FALSE
test-1773	TRUE	FALSE
test-1774	TRUE	FALSE
test-1775	TRUE	FALSE
test-1776	FALSE	TRUE
test-1777	FALSE	FALSE
test-1778	FALSE	TRUE
test-1779	FALSE	TRUE
test-1780	FALSE	TRUE
test-1781	FALSE	TRUE
test-1782	FALSE	TRUE
test-1783	TRUE	FALSE
test-1784	FALSE	TRUE
test-1785	FALSE	TRUE
test-1786	TRUE	FALSE
test-1787	TRUE	FALSE
test-1788	TRUE	FALSE
test-1789	TRUE	FALSE
test-1790	FALSE	TRUE
test-1791	FALSE	TRUE
test-1792	FALSE	TRUE
test-1793	FALSE	TRUE
test-1794	FALSE	TRUE
test-1795	FALSE	TRUE
test-1796	TRUE	FALSE
test-1797	FALSE	TRUE
test-1798	FALSE	TRUE
test-1799	FALSE	TRUE
test-1800	FALSE	TRUE
test-1801	TRUE	FALSE
test-1802	TRUE	FALSE
test-1803	TRUE	FALSE
test-1804	TRUE	FALSE
test-1805	TRUE	FALSE
test-1806	TRUE	FALSE
test-1807	FALSE	TRUE
test-1808	TRUE	FALSE
test-1809	FALSE	TRUE
test-1810	TRUE	FALSE
test-1811	TRUE	FALSE
test-1812	TRUE	FALSE
test-1813	TRUE	FALSE
test-1814	FALSE	TRUE
test-1815	FALSE	FALSE
test-1816	FALSE	TRUE
test-1817	TRUE	FALSE
test-1818	FALSE	TRUE
test-1819	FALSE	TRUE
test-1820	TRUE	FALSE
test-1821	FALSE	TRUE
test-1822	TRUE	FALSE
test-1823	FALSE	FALSE
test-1824	FALSE	TRUE
test-1825	TRUE	FALSE
test-1826	TRUE	FALSE
test-1827	FALSE	TRUE
test-1828	FALSE	TRUE
test-1829	TRUE	FALSE
test-1830	TRUE	FALSE
test-1831	TRUE	FALSE
test-1832	TRUE	FALSE
test-1833	TRUE	FALSE
test-1834	TRUE	FALSE
test-1835	FALSE	TRUE
test-1836	FALSE	TRUE
test-1837	TRUE	FALSE
test-1838	TRUE	FALSE
test-1839	TRUE	FALSE
test-1840	FALSE	TRUE
test-1841	TRUE	FALSE
test-1842	FALSE	TRUE
test-1843	TRUE	FALSE
test-1844	TRUE	FALSE
test-1845	FALSE	TRUE
test-1846	FALSE	TRUE
test-1847	FALSE	TRUE
test-1848	FALSE	TRUE
test-1849	FALSE	TRUE
test-1850	TRUE	FALSE
test-1851	FALSE	TRUE
test-1852	FALSE	TRUE
test-1853	TRUE	FALSE
test-1854	FALSE	TRUE
test-1855	TRUE	FALSE
test-1856	FALSE	TRUE
test-1857	TRUE	FALSE
test-1858	TRUE	FALSE
test-1859	TRUE	FALSE
test-1860	TRUE	FALSE
test-1861	TRUE	FALSE
test-1862	TRUE	FALSE
test-1863	TRUE	FALSE
test-1864	FALSE	TRUE
test-1865	FALSE	TRUE
test-1866	FALSE	TRUE
test-1867	FALSE	TRUE
test-1868	FALSE	TRUE
test-1869	FALSE	TRUE
test-1870	FALSE	TRUE
test-1871	FALSE	TRUE
test-1872	FALSE	FALSE
test-1873	FALSE	TRUE
test-1874	TRUE	FALSE
test-1875	FALSE	TRUE
test-1876	FALSE	TRUE
test-1877	TRUE	FALSE
test-1878	FALSE	TRUE
test-1879	FALSE	TRUE
test-1880	FALSE	FALSE
test-1881	FALSE	TRUE
test-1882	TRUE	FALSE
test-1883	TRUE	FALSE
test-1884	TRUE	FALSE
test-1885	TRUE	FALSE
test-1886	TRUE	FALSE
test-1887	TRUE	FALSE
test-1888	TRUE	FALSE
test-1889	TRUE	FALSE
test-1890	TRUE	FALSE
test-1891	FALSE	TRUE
test-1892	TRUE	FALSE
test-1893	TRUE	FALSE
test-1894	FALSE	FALSE
test-1895	TRUE	FALSE
test-1896	FALSE	TRUE
test-1897	FALSE	TRUE
test-1898	FALSE	TRUE
test-1899	TRUE	FALSE
test-1900	FALSE	TRUE
test-1901	FALSE	TRUE
test-1902	TRUE	FALSE
test-1903	TRUE	FALSE
test-1904	TRUE	FALSE
test-1905	FALSE	TRUE
test-1906	TRUE	FALSE
test-1907	TRUE	FALSE
test-1908	FALSE	TRUE
test-1909	TRUE	FALSE
test-1910	TRUE	FALSE
test-1911	FALSE	TRUE
test-1912	TRUE	FALSE
test-1913	FALSE	FALSE
test-1914	TRUE	FALSE
test-1915	FALSE	TRUE
test-1916	FALSE	TRUE
test-1917	FALSE	TRUE
test-1918	FALSE	TRUE
test-1919	FALSE	TRUE
test-1920	FALSE	FALSE
test-1921	FALSE	FALSE
test-1922	TRUE	FALSE
test-1923	FALSE	FALSE
test-1924	FALSE	TRUE
test-1925	FALSE	TRUE
test-1926	FALSE	TRUE
test-1927	TRUE	FALSE
test-1928	TRUE	FALSE
test-1929	TRUE	FALSE
test-1930	FALSE	TRUE
test-1931	TRUE	FALSE
test-1932	TRUE	FALSE
test-1933	FALSE	FALSE
test-1934	TRUE	FALSE
test-1935	TRUE	FALSE
test-1936	TRUE	FALSE
test-1937	FALSE	TRUE
test-1938	FALSE	TRUE
test-1939	TRUE	FALSE
test-1940	TRUE	FALSE
test-1941	FALSE	FALSE
test-1942	TRUE	FALSE
test-1943	FALSE	TRUE
test-1944	FALSE	TRUE
test-1945	TRUE	FALSE
test-1946	FALSE	FALSE
test-1947	TRUE	FALSE
test-1948	FALSE	TRUE
test-1949	TRUE	FALSE
test-1950	TRUE	FALSE
test-1951	FALSE	TRUE
test-1952	TRUE	FALSE
test-1953	TRUE	FALSE
test-1954	TRUE	FALSE
test-1955	FALSE	TRUE
test-1956	FALSE	TRUE
test-1957	FALSE	TRUE
test-1958	FALSE	TRUE
test-1959	FALSE	TRUE
test-1960	FALSE	TRUE
test-1961	TRUE	FALSE
test-1962	FALSE	TRUE
test-1963	FALSE	TRUE
test-1964	FALSE	TRUE
test-1965	FALSE	TRUE
test-1966	FALSE	TRUE
test-1967	FALSE	TRUE
test-1968	FALSE	TRUE
test-1969	FALSE	TRUE
test-1970	TRUE	FALSE
test-1971	TRUE	FALSE
test-1972	FALSE	TRUE
test-1973	TRUE	FALSE
test-1974	FALSE	TRUE
test-1975	TRUE	FALSE
test-1976	TRUE	FALSE
test-1977	TRUE	FALSE
test-1978	FALSE	TRUE
test-1979	TRUE	FALSE
test-1980	FALSE	TRUE
test-1981	FALSE	FALSE
test-1982	FALSE	TRUE
test-1983	TRUE	FALSE
test-1984	FALSE	TRUE
test-1985	TRUE	FALSE
test-1986	TRUE	FALSE
test-1987	TRUE	FALSE
test-1988	FALSE	TRUE
test-1989	FALSE	TRUE
test-1990	FALSE	FALSE
test-1991	FALSE	TRUE
test-1992	FALSE	TRUE
test-1993	FALSE	TRUE
test-1994	FALSE	TRUE
test-1995	TRUE	FALSE
test-1996	TRUE	FALSE
test-1997	TRUE	FALSE
test-1998	TRUE	FALSE
test-1999	TRUE	FALSE
test-2000	FALSE	TRUE
